subject,strategy,condition,l_length,pres_rate,crp_p1,crp_n1,crp_delta
A10HW8JXM17XLD,rec,10-2,10.0,2000.0,0.23784897025171625,0.12860983981693364,0.10923913043478262
A12K1ADYMRSWMJ,prim,10-2,10.0,2000.0,0.889985994397759,0.016666666666666666,0.8733193277310924
A14E4ISXVJVY6F,prim,10-2,10.0,2000.0,0.975,0.0,0.975
A169XTOCOMO1MV,ns,10-2,10.0,2000.0,0.4527777777777778,0.1388888888888889,0.3138888888888889
A18NXRDHQ0ZSOY,ns,10-2,10.0,2000.0,0.38969017094017094,0.2573450854700855,0.13234508547008547
A1969Q0R4Y0E3J,rec,10-2,10.0,2000.0,0.4359897828863346,0.12024265644955301,0.3157471264367816
A1AKL5YH9NLD2V,ns,10-2,10.0,2000.0,0.8358232181761593,0.08994708994708994,0.7458761282290693
A1ARWNTZHGFG8Y,prim,10-2,10.0,2000.0,0.48627450980392156,0.08915441176470588,0.39712009803921566
A1F0R1MSPTXHHV,ns,10-2,10.0,2000.0,0.3188061938061938,0.07904595404595405,0.23976023976023975
A1GRPIBHW72HDU,rec,10-2,10.0,2000.0,0.40477729885057473,0.22013649425287357,0.18464080459770116
A1I9RLJQ0BYN21,prim,10-2,10.0,2000.0,0.5158730158730158,0.07936507936507936,0.4365079365079365
A1NG504QI5LI62,prim,10-2,10.0,2000.0,0.9174208144796381,0.0,0.9174208144796381
A1NQ2A0UDW719R,prim,10-2,10.0,2000.0,0.7183080808080808,0.022727272727272728,0.6955808080808081
A1P00XZZG7EEEM,prim,10-2,10.0,2000.0,0.6448863636363636,0.0,0.6448863636363636
A1RFDB2WUV7QRO,ns,10-2,10.0,2000.0,0.4769736842105263,0.1513157894736842,0.32565789473684215
A1V2H0UF94ATWY,rec,10-2,10.0,2000.0,0.5729166666666666,0.1388888888888889,0.4340277777777778
A1W7T8V97ZPUH0,prim,10-2,10.0,2000.0,0.47000773993808054,0.10976890756302521,0.3602388323750553
A1WJIRT360P5VB,rec,10-2,10.0,2000.0,0.8122524928774928,0.10585470085470086,0.706397792022792
A1WPGNK8Y65BV3,ns,10-2,10.0,2000.0,0.4426207983193277,0.06607142857142857,0.37654936974789915
A1XMGLCK09Z0DW,ns,10-2,10.0,2000.0,0.08143172616856828,0.11556864188443136,-0.03413691571586308
A1YA2FCN3KEK36,prim,10-2,10.0,2000.0,0.7684873949579831,0.030357142857142857,0.7381302521008403
A20GD3EBBTBYY2,rec,10-2,10.0,2000.0,0.5547944786402184,0.19831067438417013,0.3564838042560482
A24BRTWG07T53Z,prim,10-2,10.0,2000.0,0.37959558823529416,0.11948529411764706,0.2601102941176471
A27QXQ22F9ODSP,prim,10-2,10.0,2000.0,0.6111111111111112,0.07256944444444444,0.5385416666666667
A27T2Z568L69U1,prim,10-2,10.0,2000.0,0.7470843301435407,0.011363636363636364,0.7357206937799043
A282UM3NAIM0YO,ns,10-2,10.0,2000.0,0.3184217743041272,0.13453996983408748,0.18388180447003977
A2BREH6STESM0G,rec,10-2,10.0,2000.0,0.24492438675875208,0.28171886163372234,-0.03679447487497024
A2FLBMZ38IZ2SQ,prim,10-2,10.0,2000.0,0.8256410256410256,0.019230769230769232,0.8064102564102564
A2FM1N5AOMVTGL,prim,10-2,10.0,2000.0,0.6943977591036414,0.2563725490196078,0.4380252100840336
A2FYFCD16Z3PCC,rec,10-2,10.0,2000.0,0.6329753484501768,0.15291241938839192,0.48006292906178494
A2H8PEGI28NKZD,ns,10-2,10.0,2000.0,0.6705043859649122,0.19221491228070176,0.47828947368421054
A2I6ZALE49CVSC,prim,10-2,10.0,2000.0,0.2638888888888889,0.24305555555555555,0.020833333333333322
A2KPEUCEE2M05G,prim,10-2,10.0,2000.0,0.424812030075188,0.12406015037593984,0.3007518796992481
A2LJ1FRUYGW469,ns,10-2,10.0,2000.0,0.6934523809523809,0.08392857142857142,0.6095238095238096
A2M183CETUMR96,rec,10-2,10.0,2000.0,0.8021827470103332,0.09447927551375827,0.707703471496575
A2MUOD1JHWJ735,ns,10-2,10.0,2000.0,0.4980978260869565,0.22327898550724637,0.2748188405797102
A2NXMRPHG86N2T,ns,10-2,10.0,2000.0,0.4851190476190476,0.18986742424242425,0.29525162337662336
A2PQDK3MLDFXYM,rec,10-2,10.0,2000.0,0.6212121212121212,0.19480519480519481,0.42640692640692635
A2QRJKXTK4JDD8,ns,10-2,10.0,2000.0,0.5404761904761906,0.3416666666666667,0.19880952380952382
A2R970Q1Q2A6DJ,prim,10-2,10.0,2000.0,0.5228174603174603,0.0,0.5228174603174603
A2VIKZ73Y5ABHM,ns,10-2,10.0,2000.0,0.48863636363636365,0.18790584415584416,0.3007305194805195
A2WYZLG8J526TQ,prim,10-2,10.0,2000.0,0.7274247491638797,0.06521739130434782,0.6622073578595318
A33X52IN60MSOE,rec,10-2,10.0,2000.0,0.3055555555555556,0.08333333333333333,0.2222222222222222
A348NEQKS6VNIB,rec,10-2,10.0,2000.0,0.3167119565217391,0.16743012422360248,0.14928183229813663
A349BBTU7L597J,prim,10-2,10.0,2000.0,0.4155122655122655,0.14285714285714285,0.27265512265512265
A3C8JI69WPTKWH,rec,10-2,10.0,2000.0,0.422522349936143,0.20982530560116766,0.21269704433497535
A3CE7DTHIB76UK,ns,10-2,10.0,2000.0,0.384375,0.10104166666666667,0.2833333333333333
A3G55RJTW3BSGM,ns,10-2,10.0,2000.0,0.46456637991164845,0.14872994652406418,0.31583643338758427
A3GC5Q5CLI4NWZ,prim,10-2,10.0,2000.0,0.8913752913752914,0.0,0.8913752913752914
A3J55BJGV95JKH,ns,10-2,10.0,2000.0,0.8107142857142857,0.034523809523809526,0.7761904761904762
A3MJQ51KN9CMQ4,prim,10-2,10.0,2000.0,0.5128500726326813,0.09581179689875342,0.4170382757339279
A3MOL1L9V4BUGH,ns,10-2,10.0,2000.0,0.4120670995670995,0.18743386243386242,0.22463323713323713
A3NAONPCTVT6P1,rec,10-2,10.0,2000.0,0.3704710144927536,0.30784161490683226,0.06262939958592134
A3PJY7THMUIR4M,ns,10-2,10.0,2000.0,0.29248366013071897,0.17985527544351074,0.11262838468720822
A3VV3MW68CALXS,prim,10-2,10.0,2000.0,0.9094155844155845,0.025,0.8844155844155844
A489K1IFOM4JW,prim,10-2,10.0,2000.0,0.8231521739130435,0.0,0.8231521739130435
A49HPQ9P5AHU4,rec,10-2,10.0,2000.0,0.6599999999999999,0.08,0.5800000000000001
A55MEA9LQASZH,rec,10-2,10.0,2000.0,0.5309036658141517,0.0723145780051151,0.4585890878090366
A5P12YJP805RG,rec,10-2,10.0,2000.0,0.4232646834477498,0.15510106788710906,0.2681636155606407
A5TWD5QD99GZY,rec,10-2,10.0,2000.0,0.46442982456140347,0.2507894736842105,0.21364035087719296
A63UHNWYOV5LE,ns,10-2,10.0,2000.0,0.4611111111111111,0.06388888888888888,0.3972222222222222
AEP8U373W5Q54,prim,10-2,10.0,2000.0,0.8904761904761905,0.041666666666666664,0.8488095238095239
AK2PMO5I7OCEK,prim,10-2,10.0,2000.0,0.7159090909090909,0.0875,0.6284090909090909
AKNU5D6QK7M72,prim,10-2,10.0,2000.0,0.7019449362799747,0.0,0.7019449362799747
AO5FQ7GY8DTR8,prim,10-2,10.0,2000.0,1.0,0.0,1.0
ARIWYNIH12MLF,rec,10-2,10.0,2000.0,0.25629177109440265,0.2845655806182122,-0.028273809523809514
AS4FVWL91C6HR,prim,10-2,10.0,2000.0,0.5655103893784235,0.16099443319838058,0.4045159561800429
AWJKR5GA7BS7V,ns,10-2,10.0,2000.0,0.5762955182072829,0.0742296918767507,0.5020658263305322
AZ69TBTDH7AZS,rec,10-2,10.0,2000.0,0.7282894736842105,0.12960526315789472,0.5986842105263158
AZ8NNCT4AODDN,prim,10-2,10.0,2000.0,0.7375,0.03333333333333333,0.7041666666666666
A10JXOU89D5RXR,ns,20-1,20.0,1000.0,0.2962733553566354,0.07596041133844841,0.22031294401818696
A111FTKAAJ5UMC,prim,20-1,20.0,1000.0,0.5977123284851105,0.025,0.5727123284851106
A11EZAV2HRYKD5,prim,20-1,20.0,1000.0,0.7895444763271162,0.006097560975609756,0.7834469153515065
A157L6Z8QU3SDE,rec,20-1,20.0,1000.0,0.5035978835978836,0.13234126984126984,0.37125661375661373
A16GIPTDMJAFTK,ns,20-1,20.0,1000.0,0.21654238618524332,0.26932888540031397,-0.05278649921507065
A17R7WX5B0CKK6,rec,20-1,20.0,1000.0,0.19808161102278748,0.21675057410351528,-0.01866896308072779
A17WB66BXX4R0J,prim,20-1,20.0,1000.0,0.4592100151310678,0.006578947368421052,0.4526310677626467
A19QRXLWV5GKXN,rec,20-1,20.0,1000.0,0.2799145299145299,0.026709401709401708,0.2532051282051282
A1CKIYN01NV9GJ,ns,20-1,20.0,1000.0,0.4242424242424242,0.022727272727272728,0.4015151515151515
A1HLDOM6JTYYI2,prim,20-1,20.0,1000.0,0.2805383022774327,0.13127587991718426,0.14926242236024845
A1HR8IRDC07FO9,prim,20-1,20.0,1000.0,0.4238372093023256,0.018206854345165238,0.4056303549571603
A1J6CZ176U6GDT,rec,20-1,20.0,1000.0,0.18776709401709402,0.2795138888888889,-0.09174679487179488
A1J9VZ372FV2QZ,rec,20-1,20.0,1000.0,0.1557259465001203,0.31244730042159663,-0.1567213539214763
A1JI19KPIVNL3Y,ns,20-1,20.0,1000.0,0.27847222222222223,0.05138888888888889,0.2270833333333333
A1KH9VI2D0V43B,prim,20-1,20.0,1000.0,0.6545335658238884,0.02702702702702703,0.6275065387968614
A1LJ4WAEDGELVL,rec,20-1,20.0,1000.0,0.22708333333333333,0.15833333333333333,0.06875
A1OOCYEFLAJD98,ns,20-1,20.0,1000.0,0.45499999999999996,0.11443681318681319,0.3405631868131868
A1OW27AZS122X2,ns,20-1,20.0,1000.0,0.24211188540456832,0.08153673054587689,0.16057515485869145
A1R5JNC2LO6X1S,prim,20-1,20.0,1000.0,0.8054054054054054,0.03277027027027027,0.7726351351351352
A1SUTNVLSFPXFK,ns,20-1,20.0,1000.0,0.34263392857142855,0.3697630494505495,-0.02712912087912092
A1V91Z2CQKMR55,rec,20-1,20.0,1000.0,0.4126151210109231,0.08525647890340543,0.3273586421075177
A1YFL5HXPZ7MVV,ns,20-1,20.0,1000.0,0.1359372641313895,0.21151709517027123,-0.07557983103888172
A22UMPYYQBXT0F,rec,20-1,20.0,1000.0,0.37886455649613543,0.10391874207663682,0.2749458144194986
A26M997VYVK0E6,prim,20-1,20.0,1000.0,0.269172150073467,0.45259039635676673,-0.18341824628329972
A277V4SHQB8JRS,rec,20-1,20.0,1000.0,0.6054121500820908,0.10284274322624748,0.5025694068558434
A2E5PV1BHNG67N,ns,20-1,20.0,1000.0,0.2138047138047138,0.037037037037037035,0.17676767676767677
A2FQVRBXJZQAWT,prim,20-1,20.0,1000.0,0.684863523573201,0.02564102564102564,0.6592224979321752
A2GM1ZIBRBHBK7,ns,20-1,20.0,1000.0,0.3038003663003663,0.038565601065601064,0.26523476523476525
A2ONILC0LZKG6Y,rec,20-1,20.0,1000.0,0.2731546892261178,0.11700098842955986,0.15615370079655794
A2QX1SJXQN1NV1,prim,20-1,20.0,1000.0,0.2547846889952153,0.05861244019138756,0.19617224880382772
A2QY653X9531JP,ns,20-1,20.0,1000.0,0.09777835746271901,0.07967860093039433,0.018099756532324682
A2RBF3IIJP15IH,rec,20-1,20.0,1000.0,0.5402930402930403,0.058333333333333334,0.48195970695970697
A2RWLFIP23FZA7,prim,20-1,20.0,1000.0,0.3349486177083556,0.02650259879002049,0.3084460189183351
A2SBZCFAVT83GN,rec,20-1,20.0,1000.0,0.27572738772928523,0.07918511490617752,0.19654227282310774
A2SQGKP2REXOTN,prim,20-1,20.0,1000.0,0.5180555555555556,0.0,0.5180555555555556
A2SQTRNQWDLU4F,ns,20-1,20.0,1000.0,0.3424908424908425,0.014285714285714285,0.32820512820512815
A2SWQM5X54P1O5,ns,20-1,20.0,1000.0,0.34399920255183414,0.04999386578333947,0.29400533676849466
A2TG5ESEOPXAHI,prim,20-1,20.0,1000.0,0.5618105247465712,0.03196105200389166,0.5298494727426796
A2V6E7SGEU0EFD,ns,20-1,20.0,1000.0,0.4482323232323232,0.14704739704739705,0.3011849261849262
A2VXT33Y2TQPOQ,prim,20-1,20.0,1000.0,0.6793494152046784,0.005208333333333333,0.674141081871345
A2XDWB9NVYI3LQ,rec,20-1,20.0,1000.0,0.24475810137574844,0.08750114264820147,0.15725695872754697
A3026HLELYNW7U,rec,20-1,20.0,1000.0,0.30461763798951585,0.09267212898110215,0.21194550900841372
A351P2O6QGTCS,rec,20-1,20.0,1000.0,0.3191985088536813,0.12952780366573471,0.18967070518794657
A39R5EBK7W916X,ns,20-1,20.0,1000.0,0.3014112903225806,0.06350806451612903,0.23790322580645162
A3D9PJ37U7LCHE,ns,20-1,20.0,1000.0,0.28969573786646957,0.0125,0.27719573786646956
A3EVXSWHYA1PTT,rec,20-1,20.0,1000.0,0.48222200351801336,0.1273083448153043,0.3549136587027091
A3GIUDSA1IGTFV,ns,20-1,20.0,1000.0,0.5061210719105457,0.046092796092796096,0.4600282758177496
A3HXK0UGS1YDMC,prim,20-1,20.0,1000.0,0.3206644144144144,0.06479247104247104,0.2558719433719434
A3ITZNJQUTIZ4C,rec,20-1,20.0,1000.0,0.2032828282828283,0.08712121212121213,0.11616161616161616
A3MHP4LZ3V88NF,prim,20-1,20.0,1000.0,0.5317069539144007,0.08138400558613325,0.45032294832826747
A3NRIEMOJVVX4A,rec,20-1,20.0,1000.0,0.29844504830917873,0.15774456521739127,0.14070048309178745
A3PEV3KN6F7JRG,ns,20-1,20.0,1000.0,0.25,0.0,0.25
A3QKOYP52HYRH2,rec,20-1,20.0,1000.0,0.2647623847351403,0.10576299349327373,0.15899939124186657
A3RFOODI4G4P4K,rec,20-1,20.0,1000.0,0.23702429130566954,0.21896778575771395,0.018056505547955612
A3RHJEMZ4EGY2U,rec,20-1,20.0,1000.0,0.15902188581712395,0.10529364432569607,0.053728241491427894
A3S76P3L3USWI1,prim,20-1,20.0,1000.0,0.41349206349206347,0.0,0.41349206349206347
A3USPFFWN1G5PF,rec,20-1,20.0,1000.0,0.16211995605075583,0.0957307487369881,0.06638920731376773
A50UY1556VDIA,ns,20-1,20.0,1000.0,0.18477272727272728,0.08555555555555555,0.09921717171717173
A7R1OLLU1Z6RA,rec,20-1,20.0,1000.0,0.3041827541827542,0.1997747747747748,0.10440797940797941
AEJU0MCYOQC77,prim,20-1,20.0,1000.0,0.3586052836052836,0.08851981351981353,0.27008547008547007
AHU3EE2Q05E18,prim,20-1,20.0,1000.0,0.39443993712286396,0.03243158730963609,0.3620083498132279
AJD90361AJO80,ns,20-1,20.0,1000.0,0.1722590011614402,0.07767131242740999,0.0945876887340302
AK52RXEJKR81A,ns,20-1,20.0,1000.0,0.25479504622361765,0.15456131170416884,0.10023373451944882
AMJAZPJBO936R,prim,20-1,20.0,1000.0,0.41506745713138726,0.24021118885129322,0.17485626828009407
AOQZVAH5FSKGE,prim,20-1,20.0,1000.0,0.39884867384867384,0.009615384615384616,0.38923328923328926
AQCJI23U1VBYD,prim,20-1,20.0,1000.0,0.699229536085847,0.04139108813714585,0.6578384479487012
AQPFTUIJ0PW2N,prim,20-1,20.0,1000.0,0.17866161616161616,0.0,0.17866161616161616
AXFCUZ1WQC2WY,ns,20-1,20.0,1000.0,0.36801468659847886,0.05664830841856805,0.3113663781799108
AY7M9MOLNXIIK,ns,20-1,20.0,1000.0,0.3082107843137255,0.06776960784313725,0.2404411764705882
AZZA3J049G7R5,rec,20-1,20.0,1000.0,0.3214285714285714,0.2142857142857143,0.10714285714285714
A102RSV009OCUW,prim,15-2,15.0,2000.0,0.7647942157953281,0.008620689655172414,0.7561735261401558
A11BHGAKU0RIH8,rec,15-2,15.0,2000.0,0.19642857142857142,0.3214285714285714,-0.125
A13GBA16BNTN1A,rec,15-2,15.0,2000.0,0.1658697961943398,0.1534458611030619,0.012423935091277892
A13THDIE8LTQ11,ns,15-2,15.0,2000.0,0.31060344827586206,0.1967337164750958,0.1138697318007663
A150QX2OXHGK8P,rec,15-2,15.0,2000.0,0.2261694847020934,0.0815438808373591,0.1446256038647343
A151XA53WYXVD7,prim,15-2,15.0,2000.0,0.5456842885375494,0.08435276679841897,0.46133152173913045
A1618RA11ZOD8Y,rec,15-2,15.0,2000.0,0.2930353682170542,0.24273774916943522,0.05029761904761904
A19X8IA9EKC3XH,ns,15-2,15.0,2000.0,0.5464767616191903,0.13534482758620692,0.4111319340329835
A1CFMY4CEYOM8Y,rec,15-2,15.0,2000.0,0.35446428571428573,0.15089285714285713,0.20357142857142857
A1E0K2VGY2684V,ns,15-2,15.0,2000.0,0.37734593837535013,0.1255952380952381,0.25175070028011204
A1NQOR4RQJJDMW,ns,15-2,15.0,2000.0,0.6624795751633987,0.04421977124183006,0.6182598039215685
A1PZIN8H1VI6SY,prim,15-2,15.0,2000.0,0.6673636001592991,0.02309836718438869,0.6442652329749105
A1QRIZY9WJW3R1,prim,15-2,15.0,2000.0,0.705837662638622,0.0,0.705837662638622
A1QXJZFA5NVGM3,prim,15-2,15.0,2000.0,0.8219461697722568,0.043478260869565216,0.7784679089026916
A1ROEDVMTO9Y3X,ns,15-2,15.0,2000.0,0.4140131578947368,0.24697994987468672,0.16703320802005012
A1SCF3L6LTFQHF,prim,15-2,15.0,2000.0,0.9223484848484849,0.020833333333333332,0.9015151515151516
A1T7EB1WEDCMXV,ns,15-2,15.0,2000.0,0.5353361926891338,0.0968880483586366,0.4384481443304972
A1TR2AOKWGQ78A,ns,15-2,15.0,2000.0,0.28769841269841273,0.14404761904761906,0.14365079365079364
A1UOP419O6P55R,prim,15-2,15.0,2000.0,0.927536231884058,0.014492753623188406,0.9130434782608696
A1WM3INNDW2776,ns,15-2,15.0,2000.0,0.25544180282083506,0.16400031420192712,0.09144148861890797
A1Z82Y9E6YWY80,ns,15-2,15.0,2000.0,0.3940590659340659,0.3236607142857143,0.07039835164835165
A2113B699TVADG,prim,15-2,15.0,2000.0,0.875,0.0,0.875
A219SZBLCCCXN9,prim,15-2,15.0,2000.0,0.47002207315674804,0.09422657952069716,0.3757954936360509
A22GYYJXTS5KBH,ns,15-2,15.0,2000.0,0.5317460317460317,0.13347763347763347,0.39826839826839827
A22Y78RVB8UFTD,ns,15-2,15.0,2000.0,0.42050691244239635,0.06797235023041474,0.35253456221198154
A233LLG8YAXWF,rec,15-2,15.0,2000.0,0.3680952380952381,0.11357142857142857,0.25452380952380954
A24GX1OZE6AY04,ns,15-2,15.0,2000.0,0.4658145716072546,0.17891651031894934,0.2868980612883052
A26MT7KJ7NJLRN,ns,15-2,15.0,2000.0,0.18557903789758629,0.07667458549515001,0.10890445240243628
A26T0U2Y6LZOF3,rec,15-2,15.0,2000.0,0.3402777777777778,0.2013888888888889,0.1388888888888889
A29J4LL0MQL3AC,prim,15-2,15.0,2000.0,0.7343483229145661,0.02713920817369093,0.7072091147408752
A2G4R0GS677RC2,rec,15-2,15.0,2000.0,0.05263157894736842,0.4736842105263158,-0.4210526315789474
A2IV3SSVTU90BN,ns,15-2,15.0,2000.0,0.24879951980792317,0.16821728691476592,0.08058223289315725
A2KZN3UH5NGC9,rec,15-2,15.0,2000.0,0.37855852867462775,0.15346392943142168,0.22509459924320604
A2MBFIAGBPU5NG,prim,15-2,15.0,2000.0,0.4834972394755004,0.049798136645962734,0.4336991028295376
A2O86E23R5T4YO,prim,15-2,15.0,2000.0,0.8488164856585909,0.04887218045112782,0.7999443052074631
A2PTABUVOUYAH5,ns,15-2,15.0,2000.0,0.49237012987012985,0.09475108225108225,0.3976190476190476
A2R75YFKVALBXE,rec,15-2,15.0,2000.0,0.225,0.1538961038961039,0.07110389610389611
A2RU1Q3C9VHBAO,prim,15-2,15.0,2000.0,0.4859375,0.10139910130718954,0.3845383986928105
A2RVG8Y97DE0GM,prim,15-2,15.0,2000.0,0.8680357142857142,0.0125,0.8555357142857143
A2UJ9GDNVPX99C,prim,15-2,15.0,2000.0,0.6678090428090429,0.0,0.6678090428090429
A2UYZFH5VT5R3H,rec,15-2,15.0,2000.0,0.1657899698340875,0.22979826546003018,-0.06400829562594268
A2Y8LZS5C81O25,prim,15-2,15.0,2000.0,0.491819234006734,0.0078125,0.484006734006734
A30NL5N71G2YAU,ns,15-2,15.0,2000.0,0.35274216524216523,0.17286324786324786,0.17987891737891737
A310Y949ILSN3P,prim,15-2,15.0,2000.0,0.8368007833203079,0.02922853729305342,0.8075722460272545
A31P78W9ZCQXCS,ns,15-2,15.0,2000.0,0.405974025974026,0.05844155844155844,0.3475324675324675
A347RDI3HZOUCY,prim,15-2,15.0,2000.0,0.7300592128178335,0.0,0.7300592128178335
A34HQHGLIW1FYS,ns,15-2,15.0,2000.0,0.41321156834739176,0.136860969628372,0.2763505987190198
A34IPEKX5WXJIN,prim,15-2,15.0,2000.0,0.5063340336134454,0.13657300420168067,0.3697610294117647
A34YNEN8UUI3CD,ns,15-2,15.0,2000.0,0.45734649122807014,0.09024122807017544,0.3671052631578947
A35VI4SE31HD17,prim,15-2,15.0,2000.0,0.5824760765550239,0.013157894736842105,0.5693181818181818
A36S0DI86PL4J6,prim,15-2,15.0,2000.0,0.9163111888111888,0.0,0.9163111888111888
A384KX8MUIJSTJ,ns,15-2,15.0,2000.0,0.5119466449207828,0.0875,0.4244466449207829
A38DHLB88V8DL8,rec,15-2,15.0,2000.0,0.4432891705069124,0.21264400921658985,0.2306451612903226
A3AWQ3AACIPXM2,ns,15-2,15.0,2000.0,0.6111111111111112,0.16666666666666666,0.4444444444444444
A3BA2WMGN6KHUU,ns,15-2,15.0,2000.0,0.5504385964912281,0.1297514619883041,0.42068713450292394
A3BN69Q9D7RQGR,ns,15-2,15.0,2000.0,0.22849378881987578,0.10419254658385094,0.12430124223602484
A3C25IBTLB60RQ,prim,15-2,15.0,2000.0,0.7264957264957265,0.05555555555555555,0.670940170940171
A3FOKP72T5I4FR,ns,15-2,15.0,2000.0,0.27807971014492755,0.17028985507246375,0.10778985507246377
A3HBB9JT9WVZS4,ns,15-2,15.0,2000.0,0.31312830687830684,0.20548941798941797,0.1076388888888889
A3HOPYBWSR1TWR,prim,15-2,15.0,2000.0,0.6183422898940141,0.008620689655172414,0.6097216002388416
A3IBDJ12CRTQQN,prim,15-2,15.0,2000.0,0.7142857142857143,0.0,0.7142857142857143
A3IHTJXHWPQ2JR,rec,15-2,15.0,2000.0,0.21103027387788234,0.49158975438174546,-0.28055948050386315
A3MWLHSW9B9RHU,prim,15-2,15.0,2000.0,0.9100595238095238,0.02232142857142857,0.8877380952380952
A3ORKXM3WG8QJ9,prim,15-2,15.0,2000.0,0.8713768115942029,0.0,0.8713768115942029
A3P52W1SBJUT5N,ns,15-2,15.0,2000.0,0.26115567439096854,0.16539661319073085,0.09575906120023768
A3U27ZHUGOPIAN,prim,15-2,15.0,2000.0,0.47607655502392343,0.125,0.35107655502392343
A3UA50A6GKNAMR,prim,15-2,15.0,2000.0,0.4647516835016835,0.10532407407407407,0.35942760942760943
A3UE8ANAIM7F15,ns,15-2,15.0,2000.0,0.33816964285714285,0.08623511904761905,0.2519345238095238
A3UGB3B1S74HR9,prim,15-2,15.0,2000.0,0.6307382133995038,0.0078125,0.6229257133995038
A3UUW04QL49RSC,prim,15-2,15.0,2000.0,0.7241161616161617,0.0,0.7241161616161617
A6HDSE80LQPR8,rec,15-2,15.0,2000.0,0.2803030303030303,0.043560606060606064,0.23674242424242423
AAOOH6P4HHSCS,prim,15-2,15.0,2000.0,0.6910121328224776,0.018518518518518517,0.6724936143039592
ADGJXUEMPLTMS,prim,15-2,15.0,2000.0,0.4058753746253746,0.03598484848484848,0.36989052614052614
AEF1G6YE8RIB8,prim,15-2,15.0,2000.0,0.6539601702645181,0.028846153846153848,0.6251140164183643
AERGHZBQFT309,ns,15-2,15.0,2000.0,0.42561349971022894,0.10651396334395827,0.31909953636627064
AESZJEZTZEW01,ns,15-2,15.0,2000.0,0.5130434782608696,0.07173913043478261,0.44130434782608696
AEX1I7K7OVHHC,rec,15-2,15.0,2000.0,0.16,0.4166666666666667,-0.25666666666666665
AEXRVIK8SKB4V,prim,15-2,15.0,2000.0,0.6583333333333333,0.0,0.6583333333333333
AF0W4ZBY7VXOU,rec,15-2,15.0,2000.0,0.34687221023657194,0.14166612421266678,0.20520608602390517
AFZGUWYLC0NG0,ns,15-2,15.0,2000.0,0.3079721362229102,0.06470588235294118,0.24326625386996906
AGANKP4PUZ4NC,prim,15-2,15.0,2000.0,0.3568829744816587,0.022727272727272728,0.33415570175438597
AHY3YAYJLTW32,rec,15-2,15.0,2000.0,0.31537878787878787,0.05576839826839827,0.2596103896103896
AL9SYQEUTNJXT,prim,15-2,15.0,2000.0,0.7833362289884029,0.08333333333333333,0.7000028956550696
ALDQRWYZ8KQ9A,rec,15-2,15.0,2000.0,0.32966960172842524,0.1928674796321855,0.13680212209623974
AM65LGXJBTJ0I,ns,15-2,15.0,2000.0,0.5354662698412699,0.06919642857142858,0.4662698412698413
AOIR8V07FYMH5,rec,15-2,15.0,2000.0,0.20269110970330484,0.24412680815119842,-0.04143569844789357
AR0VJ5XRG16UJ,rec,15-2,15.0,2000.0,0.38699690402476783,0.19504643962848295,0.19195046439628483
AU5UJIZ3TLI5M,rec,15-2,15.0,2000.0,0.4670738410219476,0.20152406087714642,0.2655497801448012
AW2UVK63OLFW,ns,15-2,15.0,2000.0,0.22301396520146521,0.1393944597069597,0.08361950549450549
AW5O1RK3W60FC,rec,15-2,15.0,2000.0,0.39494568097509275,0.17536496580614228,0.21958071516895045
AWRY5SC68T0DC,prim,15-2,15.0,2000.0,0.691045066045066,0.009259259259259259,0.6817858067858068
AWTCGY2CL1T68,prim,15-2,15.0,2000.0,0.7020319570135747,0.024705882352941175,0.6773260746606335
AXSBX0MCQNG3A,prim,15-2,15.0,2000.0,0.7457161803713528,0.0,0.7457161803713528
A14WLAP6TCEKO0,rec,30-1,30.0,1000.0,0.29983637634499705,0.11793082267220198,0.18190555367279504
A15V9BXNJXZXZX,ns,30-1,30.0,1000.0,0.18959632321701286,0.11644103023413369,0.07315529298287918
A16335MOISDG1F,rec,30-1,30.0,1000.0,0.40208924886344244,0.07998960418315257,0.32209964468028984
A17FJLW818UEQU,rec,30-1,30.0,1000.0,0.14204867639597696,0.04719536216313009,0.09485331423284686
A186PT9ZLO5EJD,prim,30-1,30.0,1000.0,0.6180769230769231,0.0,0.6180769230769231
A1AS1H21O9896X,ns,30-1,30.0,1000.0,0.23491942508710803,0.022466608594657374,0.21245281649245062
A1AYTKAQT201ZV,prim,30-1,30.0,1000.0,0.46057582123758595,0.013911701044053985,0.44666412019353197
A1EII5EWOTBDK9,rec,30-1,30.0,1000.0,0.12568641826231958,0.08210281179920649,0.0435836064631131
A1F9KLZGHE9DTA,rec,30-1,30.0,1000.0,0.2711803396687229,0.12781446584009948,0.14336587382862342
A1IGKJ200N82S9,rec,30-1,30.0,1000.0,0.21750742550541344,0.07820733927373766,0.13930008623167578
A1KGUJMWDCPSYG,rec,30-1,30.0,1000.0,0.18795663795663797,0.06122104247104247,0.1267355954855955
A1M1E62KXCDNL0,ns,30-1,30.0,1000.0,0.09269168104864121,0.08203710549432443,0.010654575554316786
A1MG8KNVSVZ365,prim,30-1,30.0,1000.0,0.36877679694052046,0.03815432944356566,0.3306224674969548
A1MKEILXWWLBW2,rec,30-1,30.0,1000.0,0.25,0.11944444444444445,0.13055555555555556
A1O67YS3DU0ZHX,rec,30-1,30.0,1000.0,0.6019907963185274,0.16458249966653327,0.4374082966519941
A1Q0G8JA5EZ8EI,rec,30-1,30.0,1000.0,0.18487000804073975,0.196462074510855,-0.01159206647011525
A1SLJKNSNHOJRN,rec,30-1,30.0,1000.0,0.2666652453237819,0.14891054067883336,0.11775470464494854
A1T2P6E67251U5,prim,30-1,30.0,1000.0,0.5931401131597643,0.024695493376407158,0.5684446197833573
A1U4WS9KJMADV,rec,30-1,30.0,1000.0,0.133011578171561,0.07974538289865776,0.05326619527290324
A1X4T3QSIE8YYX,prim,30-1,30.0,1000.0,0.6031042128603104,0.015151515151515152,0.5879526977087952
A225J5T6WHO2MG,prim,30-1,30.0,1000.0,0.4576471968097584,0.0,0.4576471968097584
A23KDD6OPM4NJ0,prim,30-1,30.0,1000.0,0.38292880982180105,0.010638297872340425,0.37229051194946067
A25Y3D2Y2DR8WM,prim,30-1,30.0,1000.0,0.42223592136737675,0.062239446018788745,0.35999647534858803
A26XKTGGGYBI4J,prim,30-1,30.0,1000.0,0.36558986990021475,0.017892667677150434,0.34769720222306433
A28OD52SMLYQ16,rec,30-1,30.0,1000.0,0.11566647481040088,0.164366366468039,-0.048699891657638134
A28TA25NJGLL3Y,prim,30-1,30.0,1000.0,0.38901057599288835,0.03832326718435433,0.350687308808534
A28ZPY6D5AS7GZ,ns,30-1,30.0,1000.0,0.37542087542087543,0.122334455667789,0.25308641975308643
A2ASRB2MTHDHPD,prim,30-1,30.0,1000.0,0.8249206349206349,0.0,0.8249206349206349
A2BUHMLNE3LUU0,ns,30-1,30.0,1000.0,0.10906829775224591,0.12562181181323753,-0.01655351406099163
A2E2SLXF4KQ3S1,prim,30-1,30.0,1000.0,0.738678452798645,0.0037313432835820895,0.7349471095150628
A2FJIZUHR6E4EZ,prim,30-1,30.0,1000.0,0.6095313578329883,0.11257763975155279,0.49695371808143546
A2G2T6EMXAOKMS,rec,30-1,30.0,1000.0,0.3693398799781778,0.07674122567739589,0.29259865430078197
A2GRA6N98ZPIQ1,prim,30-1,30.0,1000.0,0.6424107142857143,0.029910714285714284,0.6125
A2IKLJWU2OJ1YX,prim,30-1,30.0,1000.0,0.36281431434533773,0.010525785656728445,0.35228852868860927
A2K5AXCSY703CU,ns,30-1,30.0,1000.0,0.24706439393939394,0.015151515151515152,0.2319128787878788
A2MV1R6YYOIO30,prim,30-1,30.0,1000.0,0.29880885160388265,0.04545454545454545,0.25335430614933724
A2NU82V08QSPCC,prim,30-1,30.0,1000.0,0.02574682290807064,0.0045662100456621,0.02118061286240854
A2NY0VWEWDULC6,rec,30-1,30.0,1000.0,0.11005665647168769,0.11641789855995921,-0.006361242088271525
A2OFVEA8BEJDZN,ns,30-1,30.0,1000.0,0.24695165945165942,0.08859126984126985,0.15836038961038962
A2P83PY6P7ECM5,ns,30-1,30.0,1000.0,0.45565338923829485,0.052578616352201256,0.40307477288609367
A2PUL3ZDXOW0VZ,rec,30-1,30.0,1000.0,0.20266600295204412,0.036928289102202146,0.16573771384984198
A2ROI30AQITC3V,ns,30-1,30.0,1000.0,0.0599027409372237,0.05719496021220159,0.002707780725022103
A2VZN8J53Y5WYR,prim,30-1,30.0,1000.0,0.7596820886924389,0.008623253047873921,0.751058835644565
A2XMRJKCNKLL4E,ns,30-1,30.0,1000.0,0.2388327819229225,0.045987082035352476,0.19284569988757005
A2Y0VM8BAF0RMT,ns,30-1,30.0,1000.0,0.11884669479606189,0.0189873417721519,0.09985935302390998
A2ZGAH6NOSU2PO,rec,30-1,30.0,1000.0,0.15275662503807494,0.12640877246420956,0.02634785257386537
A30DHHAL100LZR,ns,30-1,30.0,1000.0,0.5682624113475178,0.04627659574468085,0.521985815602837
A31SZFE8M7YK0S,ns,30-1,30.0,1000.0,0.15129845497698358,0.14954787315842893,0.0017505818185546325
A34DYM8J0X5VK,rec,30-1,30.0,1000.0,0.2857708032708033,0.09334295334295334,0.19242784992784992
A36IB78C6MVA3,prim,30-1,30.0,1000.0,0.47872943845717525,0.011627906976744186,0.4671015314804311
A389Y151TAJ4XG,ns,30-1,30.0,1000.0,0.2680212849822625,0.20586716594402837,0.06215411903823412
A3AY0315YWWNXY,rec,30-1,30.0,1000.0,0.4417775214261465,0.15056276111492176,0.29121476031122473
A3EUH97BRHRSI6,rec,30-1,30.0,1000.0,0.17038621646623497,0.07878211058137052,0.09160410588486444
A3I97794CB5SUO,rec,30-1,30.0,1000.0,0.2912688662688663,0.06905463905463904,0.2222142272142272
A3RVHUY67SVXQV,ns,30-1,30.0,1000.0,0.46061820526994657,0.0816196793808734,0.3789985258890731
A3TX84QHD321M7,prim,30-1,30.0,1000.0,0.4595136967830611,0.014268207282913165,0.44524548950014786
A3UCN8EJI08X2P,ns,30-1,30.0,1000.0,0.11775264303482587,0.10661069651741294,0.01114194651741293
A3UQ5DF8VVD975,rec,30-1,30.0,1000.0,0.3319885991963368,0.12510466311559668,0.20688393608074013
A3V71NT2X4HD1I,prim,30-1,30.0,1000.0,0.4473549521185604,0.010940130566960988,0.4364148215515995
A51TGVVYJF7T0,prim,30-1,30.0,1000.0,0.3472296134674401,0.06382251550683248,0.2834070979606076
A7USTT4KU1ZBO,ns,30-1,30.0,1000.0,0.1456724503095471,0.005555555555555556,0.14011689475399153
AB5WBMZGLX57B,ns,30-1,30.0,1000.0,0.09612863693864643,0.03777039848197343,0.05835823845667299
ACBROX4H8BSW3,rec,30-1,30.0,1000.0,0.18813131313131315,0.09191919191919191,0.09621212121212122
ADJ9I7ZBFYFH7,rec,30-1,30.0,1000.0,0.27110844337735096,0.09023609443777511,0.18087234893957582
AGILQEFEPEK7N,ns,30-1,30.0,1000.0,0.32751602564102567,0.0652724358974359,0.26224358974358974
AH7HACNNRSIPO,ns,30-1,30.0,1000.0,0.23099395896006064,0.03975468975468975,0.19123926920537088
AIDU49N2KO05N,ns,30-1,30.0,1000.0,0.2928186330563532,0.22389652631311463,0.06892210674323855
AJUVX0E4OPTAO,prim,30-1,30.0,1000.0,0.39202224476822417,0.0,0.39202224476822417
AK3GAHRZ6M6WM,rec,30-1,30.0,1000.0,0.23004399748585797,0.02702702702702703,0.20301697045883094
AKE4AYF86KJVU,rec,30-1,30.0,1000.0,0.29687747740605674,0.11022475027746947,0.1866527271285873
AKNBC1TE88NDO,rec,30-1,30.0,1000.0,0.0685763888888889,0.05584291187739464,0.01273347701149425
AKX4H8RT7BL7H,rec,30-1,30.0,1000.0,0.18374624624624625,0.14771021021021022,0.036036036036036036
AOYDGVOZUIHII,prim,30-1,30.0,1000.0,0.47512106537530263,0.018523002421307506,0.45659806295399513
AP4B1GJIT3HYF,ns,30-1,30.0,1000.0,0.11897812009419152,0.08750327053898482,0.0314748495552067
AXFH1DT8PR0K2,prim,30-1,30.0,1000.0,0.4744897959183674,0.01,0.46448979591836737
AXFP50XOZD2NI,rec,30-1,30.0,1000.0,0.06334217769309047,0.11484264552215871,-0.05150046782906824
A12LX24NC3FP2U,ns,20-2,20.0,2000.0,0.35853658536585364,0.04552845528455285,0.3130081300813008
A161VPQSXLLV8U,ns,20-2,20.0,2000.0,0.5625308189172117,0.10124803879617744,0.4612827801210343
A166P9BSWIFF32,prim,20-2,20.0,2000.0,0.6740601503759398,0.0,0.6740601503759398
A17IPELR5NC2LZ,prim,20-2,20.0,2000.0,0.564595192915876,0.00980392156862745,0.5547912713472486
A17TMQWTCJVOV5,rec,20-2,20.0,2000.0,0.12014647469059599,0.13558632315542132,-0.01543984846482534
A1CB9NR3SN4VMY,prim,20-2,20.0,2000.0,0.5472850217198262,0.16870869033047736,0.3785763313893489
A1FM638CHGPC1M,ns,20-2,20.0,2000.0,0.569830647955648,0.06618156618156618,0.5036490817740817
A1HENLDLQEO5BZ,prim,20-2,20.0,2000.0,0.9231809318555009,0.0,0.9231809318555009
A1J39RAV7TKEMF,ns,20-2,20.0,2000.0,0.28278186274509803,0.08762254901960784,0.1951593137254902
A1JL3HCA0MK9UI,prim,20-2,20.0,2000.0,0.45647736513960424,0.0,0.45647736513960424
A1L5A88C9PPK5L,prim,20-2,20.0,2000.0,0.8688311688311688,0.04372294372294372,0.8251082251082251
A1LA6CIGBNDOH9,rec,20-2,20.0,2000.0,0.2950206398348813,0.12322841417268662,0.17179222566219468
A1MD74JPL7E9PK,prim,20-2,20.0,2000.0,0.43891723356009066,0.05470521541950113,0.38421201814058953
A1O0K8V58YRL4A,ns,20-2,20.0,2000.0,0.11140271493212671,0.17248868778280543,-0.06108597285067873
A1PTX4IB9R34LI,rec,20-2,20.0,2000.0,0.12367888980792206,0.11365568422020035,0.010023205587721715
A1S2EXYEG5I8HW,rec,20-2,20.0,2000.0,0.4029488615154908,0.14411754725304557,0.25883131426244527
A1SJLXB0XFCJ97,prim,20-2,20.0,2000.0,0.5012896825396825,0.03869047619047619,0.46259920634920637
A1TPGXT718D68E,rec,20-2,20.0,2000.0,0.23027295285359803,0.14779776674937967,0.08247518610421836
A1TVWMWE03AWAW,rec,20-2,20.0,2000.0,0.265625,0.2505681818181818,0.015056818181818178
A1VEOI1H4AE1T3,prim,20-2,20.0,2000.0,0.855580693815988,0.07107843137254902,0.7845022624434389
A1WT2CM71Z9MP3,prim,20-2,20.0,2000.0,0.26785714285714285,0.06140350877192982,0.20645363408521303
A20YXCVKHSTSPC,prim,20-2,20.0,2000.0,0.775,0.04642857142857143,0.7285714285714286
A2147HO7VBGJCU,prim,20-2,20.0,2000.0,0.5267695099818512,0.034482758620689655,0.4922867513611615
A248QG4DPULP46,ns,20-2,20.0,2000.0,0.2615212912087912,0.030580357142857142,0.23094093406593408
A25S9Y5DZ9OR16,prim,20-2,20.0,2000.0,0.4357922791426628,0.007575757575757576,0.42821652156690515
A25VK411P03A5T,rec,20-2,20.0,2000.0,0.5363401300236407,0.149310832489024,0.3870292975346167
A289D98Z4GAZ28,prim,20-2,20.0,2000.0,0.19137313264399272,0.03757047402747017,0.15380265861652254
A2BTEQA95MCIHU,prim,20-2,20.0,2000.0,0.4773268398268398,0.008928571428571428,0.46839826839826837
A2E8PL8ZWIZVJ0,prim,20-2,20.0,2000.0,0.852806870548806,0.007575757575757576,0.8452311129730484
A2I6HVUDBTGD1,prim,20-2,20.0,2000.0,0.6524569583931134,0.0,0.6524569583931134
A2KHR0GTA0DBWI,rec,20-2,20.0,2000.0,0.08923494983277593,0.4354156712852365,-0.3461807214524606
A2KT30RCVX67ZS,prim,20-2,20.0,2000.0,0.807747639189455,0.010416666666666666,0.7973309725227884
A2MMGDAA7JJKIE,prim,20-2,20.0,2000.0,0.6852826510721247,0.030750487329434695,0.65453216374269
A2MOKIEQZ0OF2M,prim,20-2,20.0,2000.0,0.6378947368421053,0.06421052631578948,0.5736842105263158
A2NZ783AY1LBPW,prim,20-2,20.0,2000.0,0.5621527777777778,0.040625,0.5215277777777778
A2NZAL7KHOR6VF,rec,20-2,20.0,2000.0,0.35966756513926323,0.12263938804033145,0.23702817709893179
A2OOS7IXSKJFFI,ns,20-2,20.0,2000.0,0.3509984639016897,0.04838709677419355,0.30261136712749614
A2P2YEHX1FXD20,rec,20-2,20.0,2000.0,0.4675689223057644,0.18947368421052632,0.2780952380952381
A2QHI85LQPJZYP,prim,20-2,20.0,2000.0,0.5410774410774412,0.03535353535353535,0.5057239057239057
A2SSY7MHPDQVUS,prim,20-2,20.0,2000.0,0.4475869226777374,0.0,0.4475869226777374
A2UX2W49R55PH4,prim,20-2,20.0,2000.0,0.20354662241071977,0.06543887147335423,0.13810775093736555
A2VIKCIM9TZL22,rec,20-2,20.0,2000.0,0.34843689266477873,0.16308512410461437,0.18535176856016436
A2XGHLVP2C1FVA,ns,20-2,20.0,2000.0,0.3403059499661934,0.05860167342799189,0.2817042765382015
A2XVLOZY7FJCC2,rec,20-2,20.0,2000.0,0.1057554733271662,0.09492048808422536,0.010834985242940832
A2ZVBFH732LYXQ,prim,20-2,20.0,2000.0,0.9802291204730229,0.0,0.9802291204730229
A304UJAE051J89,rec,20-2,20.0,2000.0,0.2925565575067236,0.24262132178452778,0.04993523572219586
A312HQ3OU0EYTB,rec,20-2,20.0,2000.0,0.23872549019607844,0.10964052287581699,0.12908496732026145
A35S8HPY0V445,ns,20-2,20.0,2000.0,0.2896115977413644,0.09515823873409013,0.19445335900727428
A37GOI3N77WX21,ns,20-2,20.0,2000.0,0.219105415860735,0.15572395689416965,0.06338145896656536
A389UA2GRCJ6,prim,20-2,20.0,2000.0,0.3834962315991127,0.0,0.3834962315991127
A3A7XOKH39SYOI,prim,20-2,20.0,2000.0,0.5882389162561577,0.008928571428571428,0.5793103448275863
A3B0CMCBWAND7,rec,20-2,20.0,2000.0,0.47387566137566134,0.16761803011803011,0.3062576312576312
A3C4WGE4SOGM1,ns,20-2,20.0,2000.0,0.5482371794871795,0.0375,0.5107371794871796
A3CKVVGWBS4NGU,prim,20-2,20.0,2000.0,0.7497601373529263,0.012379227053140096,0.7373809102997861
A3GDVKIN7ZGUG9,rec,20-2,20.0,2000.0,0.2408026755852843,0.1273690078037904,0.11343366778149387
A3HE29W5IDR394,rec,20-2,20.0,2000.0,0.183191876613377,0.11923602660007036,0.06395585001330663
A3I1SGVY37KR4A,ns,20-2,20.0,2000.0,0.2680001990346818,0.04458376872169976,0.22341643031298206
A3J5HRXH4F64SP,ns,20-2,20.0,2000.0,0.16596638655462184,0.09138655462184875,0.0745798319327731
A3LVLZS8S41ZD7,rec,20-2,20.0,2000.0,0.3392825311942959,0.10591312282488753,0.2333694083694084
A3LXARU55PR281,ns,20-2,20.0,2000.0,0.42559473747446835,0.15720593535984623,0.2683888021146221
A3TR3KIRG5PCZ8,prim,20-2,20.0,2000.0,0.4605741279069767,0.005813953488372093,0.45476017441860467
A3U2A632YWEX7B,prim,20-2,20.0,2000.0,0.725560482877556,0.03344419807834442,0.6921162847992116
A3U69MNO1JC7V4,rec,20-2,20.0,2000.0,0.2643553459119497,0.26550314465408803,-0.0011477987421383631
A3UMHUWJKRGKNR,rec,20-2,20.0,2000.0,0.19057231588287488,0.15139587235860527,0.039176443524269605
A3VW5PI9ZX9DOD,ns,20-2,20.0,2000.0,0.527499331729484,0.04250200481154772,0.48499732691793634
A4HWADFPGP45G,ns,20-2,20.0,2000.0,0.5650199473728885,0.036579025549613786,0.5284409218232747
AFRKVRPZ2RHY8,rec,20-2,20.0,2000.0,0.15490196078431373,0.25163398692810457,-0.09673202614379084
AHZCC2V399WUN,ns,20-2,20.0,2000.0,0.39606380483227777,0.03945402298850575,0.356609781843772
AJABAPM32ETMN,rec,20-2,20.0,2000.0,0.2848148148148148,0.07444444444444444,0.2103703703703704
AK1EF4NACR1UJ,prim,20-2,20.0,2000.0,0.6740335381464413,0.11349206349206349,0.5605414746543779
AKIT35WR8HEQ3,prim,20-2,20.0,2000.0,0.4064449917898194,0.037241379310344824,0.36920361247947453
AP9WIQ4P78XLH,rec,20-2,20.0,2000.0,0.26153846153846155,0.1050442612942613,0.15649420024420024
AR9AU5FY1S3RO,rec,20-2,20.0,2000.0,0.3837571561709493,0.21929170549860205,0.16446545067234722
AXCDKBG1R43GE,ns,20-2,20.0,2000.0,0.1653605456796946,0.16451303818325094,0.0008475074964436613
A102WSFN62OS6I,ns,40-1,40.0,1000.0,0.234952843110398,0.06804941363701587,0.1669034294733821
A13WTEQ06V3B6D,rec,40-1,40.0,1000.0,0.1830297176789917,0.0921022191035624,0.09092749857542931
A178HXQENEAI65,rec,40-1,40.0,1000.0,0.12167098792396466,0.24356126791325544,-0.1218902799892908
A1BLHM2IDH7DH4,prim,40-1,40.0,1000.0,0.4388285627416062,0.009539735626692148,0.42928882711491406
A1DJB12ZI46GPX,prim,40-1,40.0,1000.0,0.2924370615674964,0.016666666666666666,0.27577039490082966
A1DZMZTXWOM9MR,rec,40-1,40.0,1000.0,0.23312471457632747,0.10440590359945198,0.1287188109768755
A1EU59VMI8GL4K,rec,40-1,40.0,1000.0,0.10530157395170012,0.06336657455244503,0.041934999399255074
A1F0VEHWK3IAF4,ns,40-1,40.0,1000.0,0.16982560122804025,0.03292540792540792,0.13690019330263234
A1HGWCCIWP7AO0,ns,40-1,40.0,1000.0,0.1381969504588791,0.07241964047046244,0.06577730998841665
A1IL5P5H5VRW0D,prim,40-1,40.0,1000.0,0.2505417226936214,0.00641025641025641,0.24413146628336502
A1J5OW12TRQSOW,ns,40-1,40.0,1000.0,0.1939655172413793,0.09674329501915709,0.09722222222222222
A1KCSGTT6Y26LH,prim,40-1,40.0,1000.0,0.3367659856323965,0.0,0.3367659856323965
A1RQ8PX7A0CH3C,rec,40-1,40.0,1000.0,0.07037282818532818,0.08328909266409265,-0.012916264478764474
A1RY1N37JYUHBU,prim,40-1,40.0,1000.0,0.3630864197530865,0.031172839506172837,0.3319135802469136
A1S54RQW9FDK0X,ns,40-1,40.0,1000.0,0.15273989577956015,0.07937402245182565,0.0733658733277345
A1TG34GJ1WTN0C,prim,40-1,40.0,1000.0,0.09504662004662004,0.01663752913752914,0.0784090909090909
A1UH6A625GF5MD,prim,40-1,40.0,1000.0,0.34094605689433277,0.004310344827586207,0.3366357120667466
A1VHK9OFD7H8ZH,rec,40-1,40.0,1000.0,0.2835965008645421,0.13606513045946034,0.14753137040508174
A1ZLLYRW6GIVC7,rec,40-1,40.0,1000.0,0.3733990147783251,0.1208128078817734,0.2525862068965517
A20GJP9C5KC2ZU,ns,40-1,40.0,1000.0,0.2660190161223646,0.0,0.2660190161223646
A23W5HVE02LM0E,prim,40-1,40.0,1000.0,0.3474903854527476,0.0558862238777878,0.2916041615749597
A2541C8MY0BYV3,rec,40-1,40.0,1000.0,0.24657656584901166,0.09770183376994523,0.14887473207906643
A271830PNYAI2G,rec,40-1,40.0,1000.0,0.07245167570574329,0.04266444166319009,0.02978723404255319
A29JQ7VMQ1HKYP,ns,40-1,40.0,1000.0,0.1434684808670973,0.020695970695970695,0.12277251017112659
A2GUPBBFPPSXYR,prim,40-1,40.0,1000.0,0.34833100994751653,0.03101140211371967,0.31731960783379687
A2HRUFTA09371Y,rec,40-1,40.0,1000.0,0.17546376702157115,0.09751902472585099,0.07794474229572017
A2IK3H6MQ1QV6E,rec,40-1,40.0,1000.0,0.11602165599258624,0.054104454976548,0.06191720101603823
A2L7RTYO4UMYDH,ns,40-1,40.0,1000.0,0.23240115718418514,0.1210221793635487,0.11137897782063645
A2LI1OIR4BVJRW,prim,40-1,40.0,1000.0,0.38309965896172793,0.016838764683592272,0.3662608942781357
A2NEFRREWF33YP,rec,40-1,40.0,1000.0,0.16652395257802707,0.0460635981036813,0.12046035447434578
A2P8V5SKYLL5I4,rec,40-1,40.0,1000.0,0.20280755689590274,0.08936996413500173,0.11343759276090104
A2PSU15S8ZI3V5,prim,40-1,40.0,1000.0,0.4461215649113307,0.017260051441721942,0.42886151346960877
A2QUSCZS3RXGXE,ns,40-1,40.0,1000.0,0.26826270502472466,0.010665926615243182,0.2575967784094815
A2TUYGXQ15U6GO,prim,40-1,40.0,1000.0,0.4182353094326851,0.011299435028248588,0.40693587440443646
A2UEVNT8VQD1SA,ns,40-1,40.0,1000.0,0.1483703954574278,0.0679908629734248,0.080379532484003
A2VR9O234UCT9T,rec,40-1,40.0,1000.0,0.3118128964059197,0.05102184637068358,0.26079105003523606
A2WCPERU8X385N,prim,40-1,40.0,1000.0,0.3598980794311566,0.024965951763896967,0.33493212766725966
A33GZS6SU4O20M,ns,40-1,40.0,1000.0,0.11454003886363558,0.04483702123694047,0.0697030176266951
A38I0E8UK53ME5,rec,40-1,40.0,1000.0,0.2268939393939394,0.09895833333333333,0.12793560606060608
A3BZH91MITQA5X,ns,40-1,40.0,1000.0,0.5074541563305608,0.019017083623825197,0.4884370727067356
A3NX66U9RAY2GQ,prim,40-1,40.0,1000.0,0.4024969784128132,0.004629629629629629,0.3978673487831835
A3O40YLW6MYU8C,prim,40-1,40.0,1000.0,0.46918299092212135,0.049960184742793436,0.41922280617932794
A3S2AUQWI7XWT4,prim,40-1,40.0,1000.0,0.5939089167645571,0.014508534060495884,0.5794003827040612
A3SA9LY6RXKFOI,prim,40-1,40.0,1000.0,0.30130191861690914,0.04090909090909091,0.26039282770781824
A3SLT6KVF0NXPH,prim,40-1,40.0,1000.0,0.3538135312406509,0.022662797324880805,0.3311507339157701
A3TNSJSXI464IT,ns,40-1,40.0,1000.0,0.2096157546371123,0.011208920187793427,0.19840683444931886
A3TUJBPLJGTI5,rec,40-1,40.0,1000.0,0.48997332930756843,0.028645833333333332,0.46132749597423506
A3VL1CBZ3BGQK7,ns,40-1,40.0,1000.0,0.2591941157659098,0.08954269267668692,0.16965142308922287
A47VA451RDBV3,prim,40-1,40.0,1000.0,0.4307611627210069,0.016350050658561297,0.4144111120624456
A92KVBM20ZTU4,rec,40-1,40.0,1000.0,0.1607654393798972,0.11838051506726206,0.04238492431263516
AAF1SJ9FCBF75,rec,40-1,40.0,1000.0,0.19740479646140024,0.06776988734535905,0.1296349091160412
AAVFHZA708CSP,ns,40-1,40.0,1000.0,0.27547435437589674,0.12721425155428023,0.14826010282161647
ADL9KYXZGHUFO,ns,40-1,40.0,1000.0,0.25594493116395495,0.010638297872340425,0.24530663329161453
AFLRBB974KS6D,ns,40-1,40.0,1000.0,0.49575310676056944,0.08082127242575005,0.4149318343348194
AGB6853RIDWJ8,ns,40-1,40.0,1000.0,0.15760411862322182,0.18363017117031571,-0.026026052547093878
AGLFNO1XKM8O8,rec,40-1,40.0,1000.0,0.11591733579726024,0.1646044225307582,-0.04868708673349796
AH2C0LKV36ATT,prim,40-1,40.0,1000.0,0.4170662163404099,0.013847072879330943,0.40321914346107895
AKJN72HW14WTR,rec,40-1,40.0,1000.0,0.19858647450110864,0.07529563932002956,0.12329083518107908
AMIQGW2E3WYO4,rec,40-1,40.0,1000.0,0.11202865761689292,0.05235671191553544,0.05967194570135747
ANCTZADQC3D75,ns,40-1,40.0,1000.0,0.42256615178625506,0.05817455570745044,0.3643915960788046
AOQKJGXZ8QQD0,prim,40-1,40.0,1000.0,0.22504020369874028,0.013392857142857142,0.21164734655588313
AP3BTOBN8Y9EJ,rec,40-1,40.0,1000.0,0.05338388501211459,0.04025173517543901,0.013132149836675586
AQSYWZJVVMCGJ,prim,40-1,40.0,1000.0,0.42043156042880864,0.018205120365274465,0.40222644006353414
AR1IWBDA7MC86,rec,40-1,40.0,1000.0,0.21411861241069163,0.10869392158996119,0.10542469082073044
AR3MFFPQ39IXF,rec,40-1,40.0,1000.0,0.16564324564324565,0.14657342657342656,0.01906981906981907
ARL0T0MU9A65G,prim,40-1,40.0,1000.0,0.431007573527444,0.029003699788583512,0.4020038737388605
ASVRLMDNQBUD9,rec,40-1,40.0,1000.0,0.3062429298642534,0.07580363876319758,0.23043929110105582
ATRRW34VN38IX,rec,40-1,40.0,1000.0,0.1225140712945591,0.12833020637898687,-0.00581613508442777
AVSVIOR38JDM6,prim,40-1,40.0,1000.0,0.5895642126545808,0.015266099936513835,0.574298112718067
AW0MG225VXWCN,rec,40-1,40.0,1000.0,0.20766190278928473,0.06242578017122342,0.14523612261806132
AW4PTI9P13WUB,prim,40-1,40.0,1000.0,0.42195970660782667,0.04806539547792982,0.37389431112989685
AXFCUZW85XUK1,ns,40-1,40.0,1000.0,0.4049479166666667,0.07884837962962962,0.32609953703703703
AYF9WH3AQIT86,prim,40-1,40.0,1000.0,0.26058326986544805,0.008333333333333333,0.25224993653211475
