subject,strategy,condition,l_length,pres_rate,intrusion,sp_1,sp_2,sp_3,sp_4,sp_5,sp_6,sp_7,sp_8,sp_9,sp_10,sp_11,sp_12,sp_13,sp_14,sp_15,sp_16,sp_17,sp_18,sp_19,sp_20,sp_21,sp_22,sp_23,sp_24,sp_25,sp_26,sp_27,sp_28,sp_29,sp_30,sp_31,sp_32,sp_33,sp_34,sp_35,sp_36,sp_37,sp_38,sp_39,sp_40
A10HW8JXM17XLD,rec,10-2,10.0,2000.0,,,,,,,,,,,,,,,,,,,,,,,,,,,,,,,,,,,,,,,,,
A12K1ADYMRSWMJ,prim,10-2,10.0,2000.0,0.23214285714285715,0.0,0.6428571428571428,0.125,0.0,0.0,0.0,0.0,0.0,0.0,0.0,,,,,,,,,,,,,,,,,,,,,,,,,,,,,,
A14E4ISXVJVY6F,prim,10-2,10.0,2000.0,0.375,0.0,0.5,0.125,0.0,0.0,0.0,0.0,0.0,0.0,0.0,,,,,,,,,,,,,,,,,,,,,,,,,,,,,,
A169XTOCOMO1MV,ns,10-2,10.0,2000.0,0.25,0.0625,0.29166666666666663,0.0625,0.0,0.0,0.0,0.0,0.0625,0.08333333333333333,0.1875,,,,,,,,,,,,,,,,,,,,,,,,,,,,,,
A18NXRDHQ0ZSOY,ns,10-2,10.0,2000.0,0.5,0.0,0.1,0.175,0.125,0.05,0.05,0.0,0.0,0.0,0.0,,,,,,,,,,,,,,,,,,,,,,,,,,,,,,
A1969Q0R4Y0E3J,rec,10-2,10.0,2000.0,0.0,0.0,0.0,0.0,0.0,0.0,0.0,0.0,0.0,0.75,0.25,,,,,,,,,,,,,,,,,,,,,,,,,,,,,,
A1AKL5YH9NLD2V,ns,10-2,10.0,2000.0,0.0,0.0,0.0,0.0,0.0,0.0,1.0,0.0,0.0,0.0,0.0,,,,,,,,,,,,,,,,,,,,,,,,,,,,,,
A1ARWNTZHGFG8Y,prim,10-2,10.0,2000.0,0.6666666666666666,0.0,0.0,0.08333333333333333,0.0,0.0,0.0,0.0,0.25,0.0,0.0,,,,,,,,,,,,,,,,,,,,,,,,,,,,,,
A1F0R1MSPTXHHV,ns,10-2,10.0,2000.0,0.5666666666666667,0.0,0.0,0.175,0.125,0.0,0.0,0.0,0.0,0.08333333333333333,0.05,,,,,,,,,,,,,,,,,,,,,,,,,,,,,,
A1GRPIBHW72HDU,rec,10-2,10.0,2000.0,0.0,0.0,0.0,0.0,0.0,0.0,0.0,0.0,0.0,1.0,0.0,,,,,,,,,,,,,,,,,,,,,,,,,,,,,,
A1I9RLJQ0BYN21,prim,10-2,10.0,2000.0,0.0,0.0,1.0,0.0,0.0,0.0,0.0,0.0,0.0,0.0,0.0,,,,,,,,,,,,,,,,,,,,,,,,,,,,,,
A1NG504QI5LI62,prim,10-2,10.0,2000.0,0.1625,0.0,0.5875,0.25,0.0,0.0,0.0,0.0,0.0,0.0,0.0,,,,,,,,,,,,,,,,,,,,,,,,,,,,,,
A1NQ2A0UDW719R,prim,10-2,10.0,2000.0,0.6892857142857143,0.0,0.14166666666666666,0.13333333333333333,0.0,0.0,0.0,0.03571428571428571,0.0,0.0,0.0,,,,,,,,,,,,,,,,,,,,,,,,,,,,,,
A1P00XZZG7EEEM,prim,10-2,10.0,2000.0,0.3333333333333333,0.0,0.16666666666666666,0.25,0.0,0.0,0.0,0.25,0.0,0.0,0.0,,,,,,,,,,,,,,,,,,,,,,,,,,,,,,
A1RFDB2WUV7QRO,ns,10-2,10.0,2000.0,,,,,,,,,,,,,,,,,,,,,,,,,,,,,,,,,,,,,,,,,
A1V2H0UF94ATWY,rec,10-2,10.0,2000.0,0.0,0.0,0.0,0.0,0.0,0.0,0.0,0.0,0.0,1.0,0.0,,,,,,,,,,,,,,,,,,,,,,,,,,,,,,
A1W7T8V97ZPUH0,prim,10-2,10.0,2000.0,0.4375,0.0625,0.25,0.041666666666666664,0.10416666666666666,0.0,0.0625,0.0,0.0,0.041666666666666664,0.0,,,,,,,,,,,,,,,,,,,,,,,,,,,,,,
A1WJIRT360P5VB,rec,10-2,10.0,2000.0,,,,,,,,,,,,,,,,,,,,,,,,,,,,,,,,,,,,,,,,,
A1WPGNK8Y65BV3,ns,10-2,10.0,2000.0,0.0,0.0,1.0,0.0,0.0,0.0,0.0,0.0,0.0,0.0,0.0,,,,,,,,,,,,,,,,,,,,,,,,,,,,,,
A1XMGLCK09Z0DW,ns,10-2,10.0,2000.0,0.4666666666666667,0.0625,0.05,0.0,0.0625,0.05,0.0,0.05,0.2583333333333333,0.0,0.0,,,,,,,,,,,,,,,,,,,,,,,,,,,,,,
A1YA2FCN3KEK36,prim,10-2,10.0,2000.0,0.625,0.125,0.0625,0.0,0.125,0.0625,0.0,0.0,0.0,0.0,0.0,,,,,,,,,,,,,,,,,,,,,,,,,,,,,,
A20GD3EBBTBYY2,rec,10-2,10.0,2000.0,0.20833333333333331,0.16666666666666666,0.08333333333333333,0.0,0.0,0.0,0.0,0.0,0.25,0.20833333333333331,0.08333333333333333,,,,,,,,,,,,,,,,,,,,,,,,,,,,,,
A24BRTWG07T53Z,prim,10-2,10.0,2000.0,0.3333333333333333,0.0,0.3333333333333333,0.0,0.0,0.0,0.0,0.0,0.0,0.3333333333333333,0.0,,,,,,,,,,,,,,,,,,,,,,,,,,,,,,
A27QXQ22F9ODSP,prim,10-2,10.0,2000.0,0.08333333333333333,0.0,0.4583333333333333,0.20833333333333331,0.16666666666666666,0.0,0.0,0.0,0.08333333333333333,0.0,0.0,,,,,,,,,,,,,,,,,,,,,,,,,,,,,,
A27T2Z568L69U1,prim,10-2,10.0,2000.0,0.0,0.0,0.7083333333333333,0.0,0.16666666666666666,0.0,0.0,0.125,0.0,0.0,0.0,,,,,,,,,,,,,,,,,,,,,,,,,,,,,,
A282UM3NAIM0YO,ns,10-2,10.0,2000.0,0.41666666666666663,0.0625,0.08333333333333333,0.0625,0.0,0.0,0.0,0.08333333333333333,0.125,0.16666666666666666,0.0,,,,,,,,,,,,,,,,,,,,,,,,,,,,,,
A2BREH6STESM0G,rec,10-2,10.0,2000.0,0.29166666666666663,0.0,0.0625,0.0,0.0,0.0625,0.08333333333333333,0.125,0.0,0.16666666666666666,0.20833333333333331,,,,,,,,,,,,,,,,,,,,,,,,,,,,,,
A2FLBMZ38IZ2SQ,prim,10-2,10.0,2000.0,0.0,0.0,0.9166666666666666,0.0,0.0,0.0,0.0,0.0,0.0,0.0,0.08333333333333333,,,,,,,,,,,,,,,,,,,,,,,,,,,,,,
A2FM1N5AOMVTGL,prim,10-2,10.0,2000.0,0.125,0.041666666666666664,0.6666666666666666,0.0,0.0,0.0,0.0,0.0,0.0,0.16666666666666666,0.0,,,,,,,,,,,,,,,,,,,,,,,,,,,,,,
A2FYFCD16Z3PCC,rec,10-2,10.0,2000.0,0.0,0.0,0.0,0.0,0.0,0.0,0.0,0.0,0.0,0.0,1.0,,,,,,,,,,,,,,,,,,,,,,,,,,,,,,
A2H8PEGI28NKZD,ns,10-2,10.0,2000.0,0.0,0.0,1.0,0.0,0.0,0.0,0.0,0.0,0.0,0.0,0.0,,,,,,,,,,,,,,,,,,,,,,,,,,,,,,
A2I6ZALE49CVSC,prim,10-2,10.0,2000.0,0.0,0.0,1.0,0.0,0.0,0.0,0.0,0.0,0.0,0.0,0.0,,,,,,,,,,,,,,,,,,,,,,,,,,,,,,
A2KPEUCEE2M05G,prim,10-2,10.0,2000.0,,,,,,,,,,,,,,,,,,,,,,,,,,,,,,,,,,,,,,,,,
A2LJ1FRUYGW469,ns,10-2,10.0,2000.0,0.0,0.125,0.625,0.0,0.0,0.0,0.0,0.0,0.0,0.125,0.125,,,,,,,,,,,,,,,,,,,,,,,,,,,,,,
A2M183CETUMR96,rec,10-2,10.0,2000.0,0.0,0.0,0.0,0.0,0.0,0.0,0.0,0.0,0.0,0.0,1.0,,,,,,,,,,,,,,,,,,,,,,,,,,,,,,
A2MUOD1JHWJ735,ns,10-2,10.0,2000.0,0.0,0.0,0.0,0.0,0.0,0.0,0.0,1.0,0.0,0.0,0.0,,,,,,,,,,,,,,,,,,,,,,,,,,,,,,
A2NXMRPHG86N2T,ns,10-2,10.0,2000.0,,,,,,,,,,,,,,,,,,,,,,,,,,,,,,,,,,,,,,,,,
A2PQDK3MLDFXYM,rec,10-2,10.0,2000.0,0.0,0.0,0.0,0.0,0.0,0.0,0.5,0.0,0.0,0.0,0.5,,,,,,,,,,,,,,,,,,,,,,,,,,,,,,
A2QRJKXTK4JDD8,ns,10-2,10.0,2000.0,0.4625,0.0625,0.175,0.05,0.0,0.0,0.0,0.0,0.0,0.125,0.125,,,,,,,,,,,,,,,,,,,,,,,,,,,,,,
A2R970Q1Q2A6DJ,prim,10-2,10.0,2000.0,0.5,0.0,0.13333333333333333,0.05,0.15000000000000002,0.0,0.08333333333333333,0.0,0.08333333333333333,0.0,0.0,,,,,,,,,,,,,,,,,,,,,,,,,,,,,,
A2VIKZ73Y5ABHM,ns,10-2,10.0,2000.0,0.25,0.125,0.375,0.0,0.0,0.0,0.0,0.0,0.0,0.125,0.125,,,,,,,,,,,,,,,,,,,,,,,,,,,,,,
A2WYZLG8J526TQ,prim,10-2,10.0,2000.0,0.5,0.0,0.125,0.375,0.0,0.0,0.0,0.0,0.0,0.0,0.0,,,,,,,,,,,,,,,,,,,,,,,,,,,,,,
A33X52IN60MSOE,rec,10-2,10.0,2000.0,,,,,,,,,,,,,,,,,,,,,,,,,,,,,,,,,,,,,,,,,
A348NEQKS6VNIB,rec,10-2,10.0,2000.0,0.0,0.0,0.0,0.0,0.0,0.0,0.0,0.0,0.0,0.0,1.0,,,,,,,,,,,,,,,,,,,,,,,,,,,,,,
A349BBTU7L597J,prim,10-2,10.0,2000.0,0.39285714285714285,0.0,0.0,0.0,0.23214285714285715,0.0625,0.0625,0.125,0.125,0.0,0.0,,,,,,,,,,,,,,,,,,,,,,,,,,,,,,
A3C8JI69WPTKWH,rec,10-2,10.0,2000.0,,,,,,,,,,,,,,,,,,,,,,,,,,,,,,,,,,,,,,,,,
A3CE7DTHIB76UK,ns,10-2,10.0,2000.0,0.2,0.1,0.1,0.25,0.0,0.25,0.0,0.0,0.0,0.1,0.0,,,,,,,,,,,,,,,,,,,,,,,,,,,,,,
A3G55RJTW3BSGM,ns,10-2,10.0,2000.0,0.0,0.0,0.0,0.0,0.0,0.0,0.0,0.0,1.0,0.0,0.0,,,,,,,,,,,,,,,,,,,,,,,,,,,,,,
A3GC5Q5CLI4NWZ,prim,10-2,10.0,2000.0,0.5,0.0,0.3333333333333333,0.16666666666666666,0.0,0.0,0.0,0.0,0.0,0.0,0.0,,,,,,,,,,,,,,,,,,,,,,,,,,,,,,
A3J55BJGV95JKH,ns,10-2,10.0,2000.0,0.0,0.0,0.0,0.0,0.0,0.3333333333333333,0.5,0.0,0.16666666666666666,0.0,0.0,,,,,,,,,,,,,,,,,,,,,,,,,,,,,,
A3MJQ51KN9CMQ4,prim,10-2,10.0,2000.0,0.4375,0.0,0.3125,0.0625,0.0625,0.0,0.0625,0.0,0.0,0.0,0.0625,,,,,,,,,,,,,,,,,,,,,,,,,,,,,,
A3MOL1L9V4BUGH,ns,10-2,10.0,2000.0,0.16666666666666666,0.16666666666666666,0.3055555555555555,0.1111111111111111,0.0,0.0,0.0,0.08333333333333333,0.08333333333333333,0.08333333333333333,0.0,,,,,,,,,,,,,,,,,,,,,,,,,,,,,,
A3NAONPCTVT6P1,rec,10-2,10.0,2000.0,0.4583333333333333,0.0,0.0,0.0,0.0,0.0,0.08333333333333333,0.125,0.125,0.20833333333333331,0.0,,,,,,,,,,,,,,,,,,,,,,,,,,,,,,
A3PJY7THMUIR4M,ns,10-2,10.0,2000.0,0.1111111111111111,0.0,0.2222222222222222,0.0,0.0,0.0,0.0,0.0,0.3333333333333333,0.3333333333333333,0.0,,,,,,,,,,,,,,,,,,,,,,,,,,,,,,
A3VV3MW68CALXS,prim,10-2,10.0,2000.0,0.5678571428571428,0.0,0.4321428571428571,0.0,0.0,0.0,0.0,0.0,0.0,0.0,0.0,,,,,,,,,,,,,,,,,,,,,,,,,,,,,,
A489K1IFOM4JW,prim,10-2,10.0,2000.0,0.0,0.0,0.4375,0.5,0.0625,0.0,0.0,0.0,0.0,0.0,0.0,,,,,,,,,,,,,,,,,,,,,,,,,,,,,,
A49HPQ9P5AHU4,rec,10-2,10.0,2000.0,,,,,,,,,,,,,,,,,,,,,,,,,,,,,,,,,,,,,,,,,
A55MEA9LQASZH,rec,10-2,10.0,2000.0,0.25,0.25,0.0,0.125,0.25,0.0,0.0,0.0,0.0,0.125,0.0,,,,,,,,,,,,,,,,,,,,,,,,,,,,,,
A5P12YJP805RG,rec,10-2,10.0,2000.0,0.0,0.0,0.0,0.0,0.0,0.0,0.0,0.5,0.5,0.0,0.0,,,,,,,,,,,,,,,,,,,,,,,,,,,,,,
A5TWD5QD99GZY,rec,10-2,10.0,2000.0,,,,,,,,,,,,,,,,,,,,,,,,,,,,,,,,,,,,,,,,,
A63UHNWYOV5LE,ns,10-2,10.0,2000.0,0.06666666666666667,0.0,0.06666666666666667,0.0,0.13333333333333333,0.0,0.3333333333333333,0.06666666666666667,0.3333333333333333,0.0,0.0,,,,,,,,,,,,,,,,,,,,,,,,,,,,,,
AEP8U373W5Q54,prim,10-2,10.0,2000.0,0.4,0.0,0.55,0.05,0.0,0.0,0.0,0.0,0.0,0.0,0.0,,,,,,,,,,,,,,,,,,,,,,,,,,,,,,
AK2PMO5I7OCEK,prim,10-2,10.0,2000.0,0.08333333333333333,0.0,0.625,0.29166666666666663,0.0,0.0,0.0,0.0,0.0,0.0,0.0,,,,,,,,,,,,,,,,,,,,,,,,,,,,,,
AKNU5D6QK7M72,prim,10-2,10.0,2000.0,0.1607142857142857,0.0,0.6785714285714286,0.125,0.03571428571428571,0.0,0.0,0.0,0.0,0.0,0.0,,,,,,,,,,,,,,,,,,,,,,,,,,,,,,
AO5FQ7GY8DTR8,prim,10-2,10.0,2000.0,0.3214285714285714,0.0,0.6785714285714286,0.0,0.0,0.0,0.0,0.0,0.0,0.0,0.0,,,,,,,,,,,,,,,,,,,,,,,,,,,,,,
ARIWYNIH12MLF,rec,10-2,10.0,2000.0,0.3095238095238095,0.125,0.1607142857142857,0.0,0.0,0.0,0.03571428571428571,0.0,0.0,0.2857142857142857,0.08333333333333333,,,,,,,,,,,,,,,,,,,,,,,,,,,,,,
AS4FVWL91C6HR,prim,10-2,10.0,2000.0,0.3333333333333333,0.0,0.0,0.0,0.0,0.0,0.16666666666666666,0.0,0.3333333333333333,0.16666666666666666,0.0,,,,,,,,,,,,,,,,,,,,,,,,,,,,,,
AWJKR5GA7BS7V,ns,10-2,10.0,2000.0,0.10416666666666666,0.0,0.33333333333333337,0.25,0.0,0.0,0.0,0.0,0.08333333333333333,0.08333333333333333,0.14583333333333331,,,,,,,,,,,,,,,,,,,,,,,,,,,,,,
AZ69TBTDH7AZS,rec,10-2,10.0,2000.0,0.0,0.0,0.0,0.0,0.0,0.0,0.0,0.0,0.0,0.0,1.0,,,,,,,,,,,,,,,,,,,,,,,,,,,,,,
AZ8NNCT4AODDN,prim,10-2,10.0,2000.0,0.325,0.0,0.45,0.1,0.0,0.0,0.0,0.0,0.0,0.125,0.0,,,,,,,,,,,,,,,,,,,,,,,,,,,,,,
A10JXOU89D5RXR,ns,20-1,20.0,1000.0,0.0,0.0,0.0,0.0,0.0,0.0,0.0,0.0,0.0,0.0,0.0,0.0,0.0,0.0,0.0,0.0,0.0,0.0,0.0,0.0,1.0,,,,,,,,,,,,,,,,,,,,
A111FTKAAJ5UMC,prim,20-1,20.0,1000.0,0.125,0.0,0.25,0.125,0.25,0.25,0.0,0.0,0.0,0.0,0.0,0.0,0.0,0.0,0.0,0.0,0.0,0.0,0.0,0.0,0.0,,,,,,,,,,,,,,,,,,,,
A11EZAV2HRYKD5,prim,20-1,20.0,1000.0,0.3333333333333333,0.0,0.4444444444444444,0.2222222222222222,0.0,0.0,0.0,0.0,0.0,0.0,0.0,0.0,0.0,0.0,0.0,0.0,0.0,0.0,0.0,0.0,0.0,,,,,,,,,,,,,,,,,,,,
A157L6Z8QU3SDE,rec,20-1,20.0,1000.0,,,,,,,,,,,,,,,,,,,,,,,,,,,,,,,,,,,,,,,,,
A16GIPTDMJAFTK,ns,20-1,20.0,1000.0,0.125,0.0,0.25,0.0,0.0,0.0,0.0,0.0,0.0,0.0,0.0,0.0,0.125,0.0,0.0,0.0,0.0,0.20833333333333331,0.08333333333333333,0.20833333333333331,0.0,,,,,,,,,,,,,,,,,,,,
A17R7WX5B0CKK6,rec,20-1,20.0,1000.0,0.1875,0.0,0.0,0.0,0.08333333333333333,0.0,0.0,0.0,0.0,0.0,0.0,0.0,0.0,0.0,0.125,0.0,0.0,0.0,0.14583333333333331,0.2708333333333333,0.1875,,,,,,,,,,,,,,,,,,,,
A17WB66BXX4R0J,prim,20-1,20.0,1000.0,0.3333333333333333,0.0,0.6666666666666666,0.0,0.0,0.0,0.0,0.0,0.0,0.0,0.0,0.0,0.0,0.0,0.0,0.0,0.0,0.0,0.0,0.0,0.0,,,,,,,,,,,,,,,,,,,,
A19QRXLWV5GKXN,rec,20-1,20.0,1000.0,0.375,0.125,0.0,0.0,0.0,0.0,0.0,0.0,0.0,0.0,0.5,0.0,0.0,0.0,0.0,0.0,0.0,0.0,0.0,0.0,0.0,,,,,,,,,,,,,,,,,,,,
A1CKIYN01NV9GJ,ns,20-1,20.0,1000.0,,,,,,,,,,,,,,,,,,,,,,,,,,,,,,,,,,,,,,,,,
A1HLDOM6JTYYI2,prim,20-1,20.0,1000.0,0.0,0.0,1.0,0.0,0.0,0.0,0.0,0.0,0.0,0.0,0.0,0.0,0.0,0.0,0.0,0.0,0.0,0.0,0.0,0.0,0.0,,,,,,,,,,,,,,,,,,,,
A1HR8IRDC07FO9,prim,20-1,20.0,1000.0,0.175,0.0,0.1,0.16666666666666666,0.05,0.125,0.0,0.05,0.0,0.0,0.0,0.0,0.125,0.0,0.0,0.0,0.20833333333333331,0.0,0.0,0.0,0.0,,,,,,,,,,,,,,,,,,,,
A1J6CZ176U6GDT,rec,20-1,20.0,1000.0,0.3,0.0,0.0,0.0,0.0,0.0,0.0,0.0,0.0,0.0,0.0,0.0,0.0,0.0,0.0,0.0,0.0,0.175,0.0,0.525,0.0,,,,,,,,,,,,,,,,,,,,
A1J9VZ372FV2QZ,rec,20-1,20.0,1000.0,0.05,0.08333333333333333,0.05,0.05,0.0,0.0,0.0,0.0,0.0,0.0,0.125,0.0,0.0,0.0,0.25,0.0,0.08333333333333333,0.0,0.05,0.13333333333333333,0.125,,,,,,,,,,,,,,,,,,,,
A1JI19KPIVNL3Y,ns,20-1,20.0,1000.0,,,,,,,,,,,,,,,,,,,,,,,,,,,,,,,,,,,,,,,,,
A1KH9VI2D0V43B,prim,20-1,20.0,1000.0,0.08333333333333333,0.0,0.19166666666666665,0.30833333333333335,0.125,0.25,0.0,0.0,0.0,0.0,0.0,0.0,0.0,0.0,0.0,0.0,0.0,0.0,0.0,0.041666666666666664,0.0,,,,,,,,,,,,,,,,,,,,
A1LJ4WAEDGELVL,rec,20-1,20.0,1000.0,0.0,0.0,0.0,0.0,0.0,0.0,0.0,0.0,0.0,0.0,0.0,0.0,0.0,0.0,0.0,0.0,0.0,0.0,0.0,1.0,0.0,,,,,,,,,,,,,,,,,,,,
A1OOCYEFLAJD98,ns,20-1,20.0,1000.0,0.0,0.0,0.0,0.0,0.0,0.0,0.0,0.0,0.0,0.0,0.0,0.0,0.0,0.0,1.0,0.0,0.0,0.0,0.0,0.0,0.0,,,,,,,,,,,,,,,,,,,,
A1OW27AZS122X2,ns,20-1,20.0,1000.0,0.0,0.0,0.5,0.0,0.0,0.0,0.0,0.0,0.0,0.0,0.0,0.0,0.0,0.0,0.0,0.0,0.0,0.0,0.0,0.25,0.25,,,,,,,,,,,,,,,,,,,,
A1R5JNC2LO6X1S,prim,20-1,20.0,1000.0,0.08333333333333333,0.0,0.7083333333333334,0.16666666666666666,0.041666666666666664,0.0,0.0,0.0,0.0,0.0,0.0,0.0,0.0,0.0,0.0,0.0,0.0,0.0,0.0,0.0,0.0,,,,,,,,,,,,,,,,,,,,
A1SUTNVLSFPXFK,ns,20-1,20.0,1000.0,0.18333333333333335,0.0,0.125,0.20833333333333331,0.041666666666666664,0.0,0.0,0.0,0.0,0.0,0.0,0.041666666666666664,0.0,0.0,0.0,0.0,0.0,0.0,0.13333333333333333,0.26666666666666666,0.0,,,,,,,,,,,,,,,,,,,,
A1V91Z2CQKMR55,rec,20-1,20.0,1000.0,0.0,0.0,0.0,0.0,0.0,0.0,0.0,0.0,0.0,0.0,0.0,0.0,0.0,0.0,0.0,0.0,0.5,0.0,0.0,0.5,0.0,,,,,,,,,,,,,,,,,,,,
A1YFL5HXPZ7MVV,ns,20-1,20.0,1000.0,0.20833333333333331,0.0,0.0,0.0,0.0,0.0,0.0,0.0,0.0,0.0,0.0,0.0,0.0,0.0,0.0,0.125,0.0,0.08333333333333333,0.0,0.3333333333333333,0.25,,,,,,,,,,,,,,,,,,,,
A22UMPYYQBXT0F,rec,20-1,20.0,1000.0,0.0,0.0,0.0,0.0,0.0,0.0,0.0,0.0,0.0,0.0,0.0,0.0,0.0,0.0,0.0,0.0,1.0,0.0,0.0,0.0,0.0,,,,,,,,,,,,,,,,,,,,
A26M997VYVK0E6,prim,20-1,20.0,1000.0,0.0,0.0,1.0,0.0,0.0,0.0,0.0,0.0,0.0,0.0,0.0,0.0,0.0,0.0,0.0,0.0,0.0,0.0,0.0,0.0,0.0,,,,,,,,,,,,,,,,,,,,
A277V4SHQB8JRS,rec,20-1,20.0,1000.0,0.0,0.0,0.0,0.0,0.0,0.0,0.0,0.0,0.0,0.0,0.0,0.0,0.0,0.0,0.0,0.0,0.0,0.0,0.0,1.0,0.0,,,,,,,,,,,,,,,,,,,,
A2E5PV1BHNG67N,ns,20-1,20.0,1000.0,0.1,0.0,0.0,0.1,0.0,0.1,0.0,0.1,0.0,0.0,0.0,0.0,0.25,0.0,0.0,0.1,0.0,0.0,0.0,0.0,0.25,,,,,,,,,,,,,,,,,,,,
A2FQVRBXJZQAWT,prim,20-1,20.0,1000.0,0.41666666666666663,0.0,0.41666666666666663,0.16666666666666666,0.0,0.0,0.0,0.0,0.0,0.0,0.0,0.0,0.0,0.0,0.0,0.0,0.0,0.0,0.0,0.0,0.0,,,,,,,,,,,,,,,,,,,,
A2GM1ZIBRBHBK7,ns,20-1,20.0,1000.0,0.08333333333333333,0.0,0.08333333333333333,0.125,0.08333333333333333,0.0,0.25,0.0,0.0,0.0,0.25,0.0,0.0,0.0,0.0,0.0,0.0,0.0,0.125,0.0,0.0,,,,,,,,,,,,,,,,,,,,
A2ONILC0LZKG6Y,rec,20-1,20.0,1000.0,,,,,,,,,,,,,,,,,,,,,,,,,,,,,,,,,,,,,,,,,
A2QX1SJXQN1NV1,prim,20-1,20.0,1000.0,0.375,0.0,0.0,0.125,0.125,0.125,0.25,0.0,0.0,0.0,0.0,0.0,0.0,0.0,0.0,0.0,0.0,0.0,0.0,0.0,0.0,,,,,,,,,,,,,,,,,,,,
A2QY653X9531JP,ns,20-1,20.0,1000.0,0.22916666666666666,0.0625,0.14583333333333331,0.0,0.0,0.125,0.0,0.25,0.0,0.0,0.0,0.0,0.0,0.0625,0.0,0.0,0.0,0.125,0.0,0.0,0.0,,,,,,,,,,,,,,,,,,,,
A2RBF3IIJP15IH,rec,20-1,20.0,1000.0,0.3333333333333333,0.3333333333333333,0.0,0.0,0.0,0.0,0.0,0.0,0.0,0.0,0.0,0.0,0.0,0.0,0.0,0.0,0.3333333333333333,0.0,0.0,0.0,0.0,,,,,,,,,,,,,,,,,,,,
A2RWLFIP23FZA7,prim,20-1,20.0,1000.0,0.0,0.0,0.125,0.625,0.0,0.0,0.125,0.0,0.0,0.0,0.0,0.0,0.0,0.0,0.0,0.0,0.0,0.0,0.0,0.125,0.0,,,,,,,,,,,,,,,,,,,,
A2SBZCFAVT83GN,rec,20-1,20.0,1000.0,0.0,0.0,0.0,0.0,0.0,0.0,0.0,0.0,0.0,0.0,0.0,0.0,0.0,0.0,0.0,1.0,0.0,0.0,0.0,0.0,0.0,,,,,,,,,,,,,,,,,,,,
A2SQGKP2REXOTN,prim,20-1,20.0,1000.0,0.0,0.0,0.1111111111111111,0.4444444444444444,0.1111111111111111,0.3333333333333333,0.0,0.0,0.0,0.0,0.0,0.0,0.0,0.0,0.0,0.0,0.0,0.0,0.0,0.0,0.0,,,,,,,,,,,,,,,,,,,,
A2SQTRNQWDLU4F,ns,20-1,20.0,1000.0,0.25,0.0,0.5,0.0,0.0,0.0,0.25,0.0,0.0,0.0,0.0,0.0,0.0,0.0,0.0,0.0,0.0,0.0,0.0,0.0,0.0,,,,,,,,,,,,,,,,,,,,
A2SWQM5X54P1O5,ns,20-1,20.0,1000.0,0.0,0.0,0.0,0.0,0.0,0.0,0.0,0.0,0.0,0.0,0.0,0.0,0.0,0.0,0.0,0.0,0.0,1.0,0.0,0.0,0.0,,,,,,,,,,,,,,,,,,,,
A2TG5ESEOPXAHI,prim,20-1,20.0,1000.0,0.19166666666666668,0.05,0.6083333333333334,0.05,0.1,0.0,0.0,0.0,0.0,0.0,0.0,0.0,0.0,0.0,0.0,0.0,0.0,0.0,0.0,0.0,0.0,,,,,,,,,,,,,,,,,,,,
A2V6E7SGEU0EFD,ns,20-1,20.0,1000.0,,,,,,,,,,,,,,,,,,,,,,,,,,,,,,,,,,,,,,,,,
A2VXT33Y2TQPOQ,prim,20-1,20.0,1000.0,0.125,0.0,0.5,0.125,0.25,0.0,0.0,0.0,0.0,0.0,0.0,0.0,0.0,0.0,0.0,0.0,0.0,0.0,0.0,0.0,0.0,,,,,,,,,,,,,,,,,,,,
A2XDWB9NVYI3LQ,rec,20-1,20.0,1000.0,0.0,0.0,0.0,0.0,0.0,0.0,0.0,0.0,0.0,0.0,0.16666666666666666,0.0,0.0,0.0,0.16666666666666666,0.0,0.0,0.5,0.0,0.16666666666666666,0.0,,,,,,,,,,,,,,,,,,,,
A3026HLELYNW7U,rec,20-1,20.0,1000.0,0.08333333333333333,0.125,0.0,0.0,0.0,0.08333333333333333,0.0,0.0,0.0,0.0,0.0,0.0,0.0,0.0,0.0,0.0625,0.0,0.0625,0.0,0.3958333333333333,0.1875,,,,,,,,,,,,,,,,,,,,
A351P2O6QGTCS,rec,20-1,20.0,1000.0,0.0,0.0,0.0,0.0,0.0,0.0,0.0,0.0,0.0,0.0,0.0,0.0,0.0,0.0,0.0,0.0,0.0,0.0,0.0,1.0,0.0,,,,,,,,,,,,,,,,,,,,
A39R5EBK7W916X,ns,20-1,20.0,1000.0,0.20833333333333331,0.0,0.375,0.125,0.16666666666666666,0.0,0.0,0.0,0.0,0.0,0.0,0.0,0.0,0.0,0.0,0.0,0.0,0.0,0.0,0.0,0.125,,,,,,,,,,,,,,,,,,,,
A3D9PJ37U7LCHE,ns,20-1,20.0,1000.0,0.3958333333333333,0.0,0.25,0.22916666666666666,0.0,0.0,0.0,0.0,0.0,0.0,0.0,0.0,0.0,0.0,0.0,0.0,0.0,0.0625,0.0,0.0625,0.0,,,,,,,,,,,,,,,,,,,,
A3EVXSWHYA1PTT,rec,20-1,20.0,1000.0,0.0,0.0,0.5,0.0,0.0,0.0,0.0,0.0,0.0,0.0,0.0,0.0,0.0,0.0,0.0,0.0,0.0,0.0,0.0,0.5,0.0,,,,,,,,,,,,,,,,,,,,
A3GIUDSA1IGTFV,ns,20-1,20.0,1000.0,0.27777777777777773,0.0,0.2222222222222222,0.1111111111111111,0.1111111111111111,0.0,0.0,0.0,0.0,0.0,0.0,0.0,0.0,0.0,0.0,0.0,0.16666666666666666,0.0,0.0,0.1111111111111111,0.0,,,,,,,,,,,,,,,,,,,,
A3HXK0UGS1YDMC,prim,20-1,20.0,1000.0,0.0,0.0,0.2708333333333333,0.0,0.0,0.125,0.08333333333333333,0.20833333333333331,0.0,0.0,0.0625,0.0,0.0,0.0,0.0,0.0,0.0,0.0,0.0,0.25,0.0,,,,,,,,,,,,,,,,,,,,
A3ITZNJQUTIZ4C,rec,20-1,20.0,1000.0,,,,,,,,,,,,,,,,,,,,,,,,,,,,,,,,,,,,,,,,,
A3MHP4LZ3V88NF,prim,20-1,20.0,1000.0,0.0,0.0,0.8888888888888888,0.0,0.0,0.1111111111111111,0.0,0.0,0.0,0.0,0.0,0.0,0.0,0.0,0.0,0.0,0.0,0.0,0.0,0.0,0.0,,,,,,,,,,,,,,,,,,,,
A3NRIEMOJVVX4A,rec,20-1,20.0,1000.0,0.0,0.0,0.0,0.0,0.0,1.0,0.0,0.0,0.0,0.0,0.0,0.0,0.0,0.0,0.0,0.0,0.0,0.0,0.0,0.0,0.0,,,,,,,,,,,,,,,,,,,,
A3PEV3KN6F7JRG,ns,20-1,20.0,1000.0,0.8333333333333333,0.16666666666666666,0.0,0.0,0.0,0.0,0.0,0.0,0.0,0.0,0.0,0.0,0.0,0.0,0.0,0.0,0.0,0.0,0.0,0.0,0.0,,,,,,,,,,,,,,,,,,,,
A3QKOYP52HYRH2,rec,20-1,20.0,1000.0,0.3,0.0,0.08333333333333333,0.0,0.0,0.0,0.0,0.0,0.0,0.0,0.0,0.0,0.0,0.0,0.0,0.0,0.06666666666666667,0.0,0.08333333333333333,0.4666666666666666,0.0,,,,,,,,,,,,,,,,,,,,
A3RFOODI4G4P4K,rec,20-1,20.0,1000.0,0.0,0.0,0.0,0.0,0.0,0.0,0.0,0.0,0.0,0.0,0.0,0.0,0.0,0.0,0.0,0.0,0.0,0.0,0.16666666666666666,0.6666666666666666,0.16666666666666666,,,,,,,,,,,,,,,,,,,,
A3RHJEMZ4EGY2U,rec,20-1,20.0,1000.0,,,,,,,,,,,,,,,,,,,,,,,,,,,,,,,,,,,,,,,,,
A3S76P3L3USWI1,prim,20-1,20.0,1000.0,0.47916666666666663,0.0,0.20833333333333331,0.125,0.1875,0.0,0.0,0.0,0.0,0.0,0.0,0.0,0.0,0.0,0.0,0.0,0.0,0.0,0.0,0.0,0.0,,,,,,,,,,,,,,,,,,,,
A3USPFFWN1G5PF,rec,20-1,20.0,1000.0,0.0,0.0,0.0,0.0,0.0,0.0,0.0,0.0,0.0,0.0,0.0,0.0,0.0,0.0,0.0,0.3333333333333333,0.0,0.27777777777777773,0.0,0.2222222222222222,0.16666666666666666,,,,,,,,,,,,,,,,,,,,
A50UY1556VDIA,ns,20-1,20.0,1000.0,0.16666666666666666,0.0,0.1111111111111111,0.1111111111111111,0.0,0.1111111111111111,0.1111111111111111,0.0,0.0,0.0,0.05555555555555555,0.0,0.0,0.0,0.0,0.0,0.0,0.16666666666666666,0.1111111111111111,0.05555555555555555,0.0,,,,,,,,,,,,,,,,,,,,
A7R1OLLU1Z6RA,rec,20-1,20.0,1000.0,0.5,0.0,0.0,0.0,0.0,0.0,0.0,0.0,0.0,0.0,0.0,0.0,0.0,0.0,0.0,0.0,0.0,0.0,0.0,0.5,0.0,,,,,,,,,,,,,,,,,,,,
AC7CDW53I98JT,prim,20-1,20.0,1000.0,0.16666666666666666,0.0,0.5888888888888889,0.06666666666666667,0.1111111111111111,0.0,0.0,0.06666666666666667,0.0,0.0,0.0,0.0,0.0,0.0,0.0,0.0,0.0,0.0,0.0,0.0,0.0,,,,,,,,,,,,,,,,,,,,
AEJU0MCYOQC77,prim,20-1,20.0,1000.0,0.25,0.08333333333333333,0.08333333333333333,0.16666666666666666,0.08333333333333333,0.0,0.0,0.16666666666666666,0.0,0.0,0.0,0.0,0.0,0.0,0.0,0.0,0.0,0.0,0.0,0.16666666666666666,0.0,,,,,,,,,,,,,,,,,,,,
AHU3EE2Q05E18,prim,20-1,20.0,1000.0,0.18333333333333335,0.0,0.21666666666666667,0.16666666666666666,0.35,0.08333333333333333,0.0,0.0,0.0,0.0,0.0,0.0,0.0,0.0,0.0,0.0,0.0,0.0,0.0,0.0,0.0,,,,,,,,,,,,,,,,,,,,
AJD90361AJO80,ns,20-1,20.0,1000.0,0.0,0.0,0.08333333333333333,0.125,0.0,0.08333333333333333,0.08333333333333333,0.0,0.0,0.0,0.0,0.25,0.125,0.0,0.0,0.0,0.0,0.0,0.125,0.125,0.0,,,,,,,,,,,,,,,,,,,,
AK52RXEJKR81A,ns,20-1,20.0,1000.0,0.0,0.0,0.0,0.0,1.0,0.0,0.0,0.0,0.0,0.0,0.0,0.0,0.0,0.0,0.0,0.0,0.0,0.0,0.0,0.0,0.0,,,,,,,,,,,,,,,,,,,,
AMJAZPJBO936R,prim,20-1,20.0,1000.0,0.25,0.0,0.25,0.5,0.0,0.0,0.0,0.0,0.0,0.0,0.0,0.0,0.0,0.0,0.0,0.0,0.0,0.0,0.0,0.0,0.0,,,,,,,,,,,,,,,,,,,,
AOQZVAH5FSKGE,prim,20-1,20.0,1000.0,0.3958333333333333,0.0,0.125,0.14583333333333331,0.125,0.20833333333333331,0.0,0.0,0.0,0.0,0.0,0.0,0.0,0.0,0.0,0.0,0.0,0.0,0.0,0.0,0.0,,,,,,,,,,,,,,,,,,,,
AQCJI23U1VBYD,prim,20-1,20.0,1000.0,0.375,0.0,0.3125,0.25,0.0625,0.0,0.0,0.0,0.0,0.0,0.0,0.0,0.0,0.0,0.0,0.0,0.0,0.0,0.0,0.0,0.0,,,,,,,,,,,,,,,,,,,,
AQPFTUIJ0PW2N,prim,20-1,20.0,1000.0,0.25,0.0,0.1111111111111111,0.1111111111111111,0.1111111111111111,0.13888888888888887,0.0,0.0,0.13888888888888887,0.08333333333333333,0.0,0.0,0.05555555555555555,0.0,0.0,0.0,0.0,0.0,0.0,0.0,0.0,,,,,,,,,,,,,,,,,,,,
AXFCUZ1WQC2WY,ns,20-1,20.0,1000.0,0.125,0.0,0.125,0.125,0.125,0.0,0.0,0.0,0.0,0.0,0.0,0.0,0.0,0.0,0.0,0.0,0.0,0.0,0.0,0.0,0.5,,,,,,,,,,,,,,,,,,,,
AY7M9MOLNXIIK,ns,20-1,20.0,1000.0,0.55,0.027777777777777776,0.2694444444444445,0.0,0.08333333333333333,0.0,0.027777777777777776,0.0,0.041666666666666664,0.0,0.0,0.0,0.0,0.0,0.0,0.0,0.0,0.0,0.0,0.0,0.0,,,,,,,,,,,,,,,,,,,,
AZZA3J049G7R5,rec,20-1,20.0,1000.0,0.0,0.0,0.6666666666666666,0.0,0.0,0.0,0.0,0.0,0.0,0.0,0.0,0.0,0.0,0.0,0.0,0.0,0.0,0.0,0.0,0.0,0.3333333333333333,,,,,,,,,,,,,,,,,,,,
A102RSV009OCUW,prim,15-2,15.0,2000.0,0.125,0.0,0.875,0.0,0.0,0.0,0.0,0.0,0.0,0.0,0.0,0.0,0.0,0.0,0.0,0.0,,,,,,,,,,,,,,,,,,,,,,,,,
A11BHGAKU0RIH8,rec,15-2,15.0,2000.0,0.0,0.0,0.0,0.5,0.0,0.0,0.0,0.0,0.0,0.0,0.0,0.0,0.0,0.5,0.0,0.0,,,,,,,,,,,,,,,,,,,,,,,,,
A13GBA16BNTN1A,rec,15-2,15.0,2000.0,0.0,0.0,0.0,0.0,0.0,0.0,0.0,0.0,0.0,0.0,0.0,0.0,0.0,0.125,0.75,0.125,,,,,,,,,,,,,,,,,,,,,,,,,
A13THDIE8LTQ11,ns,15-2,15.0,2000.0,0.20833333333333331,0.0,0.125,0.08333333333333333,0.041666666666666664,0.0,0.0,0.0,0.0,0.0,0.0,0.0,0.041666666666666664,0.2916666666666667,0.08333333333333333,0.125,,,,,,,,,,,,,,,,,,,,,,,,,
A150QX2OXHGK8P,rec,15-2,15.0,2000.0,0.1875,0.1875,0.0,0.08333333333333333,0.0,0.25,0.0,0.0,0.0,0.0,0.0625,0.08333333333333333,0.0,0.0,0.0625,0.08333333333333333,,,,,,,,,,,,,,,,,,,,,,,,,
A151XA53WYXVD7,prim,15-2,15.0,2000.0,0.3055555555555555,0.1111111111111111,0.2222222222222222,0.05555555555555555,0.05555555555555555,0.1111111111111111,0.08333333333333333,0.0,0.0,0.05555555555555555,0.0,0.0,0.0,0.0,0.0,0.0,,,,,,,,,,,,,,,,,,,,,,,,,
A1618RA11ZOD8Y,rec,15-2,15.0,2000.0,0.1111111111111111,0.0,0.0,0.0,0.16666666666666666,0.0,0.0,0.0,0.0,0.0,0.0,0.0,0.16666666666666666,0.3333333333333333,0.1111111111111111,0.1111111111111111,,,,,,,,,,,,,,,,,,,,,,,,,
A19X8IA9EKC3XH,ns,15-2,15.0,2000.0,0.25,0.0,0.0,0.0,0.0,0.0,0.0,0.0,0.0,0.0,0.0,0.0,0.25,0.0,0.5,0.0,,,,,,,,,,,,,,,,,,,,,,,,,
A1CFMY4CEYOM8Y,rec,15-2,15.0,2000.0,0.0,0.0,0.0,0.0,0.0,0.0,0.0,0.0,0.0,0.0,0.0,0.0,0.0,0.0,0.6666666666666666,0.3333333333333333,,,,,,,,,,,,,,,,,,,,,,,,,
A1E0K2VGY2684V,ns,15-2,15.0,2000.0,0.2111111111111111,0.0,0.05,0.20277777777777778,0.027777777777777776,0.027777777777777776,0.0,0.0,0.0,0.0,0.0,0.0,0.05,0.027777777777777776,0.2777777777777778,0.125,,,,,,,,,,,,,,,,,,,,,,,,,
A1NQOR4RQJJDMW,ns,15-2,15.0,2000.0,,,,,,,,,,,,,,,,,,,,,,,,,,,,,,,,,,,,,,,,,
A1PZIN8H1VI6SY,prim,15-2,15.0,2000.0,0.16666666666666666,0.0,0.3055555555555555,0.38888888888888884,0.08333333333333333,0.05555555555555555,0.0,0.0,0.0,0.0,0.0,0.0,0.0,0.0,0.0,0.0,,,,,,,,,,,,,,,,,,,,,,,,,
A1QRIZY9WJW3R1,prim,15-2,15.0,2000.0,0.25,0.0,0.3125,0.3125,0.0625,0.0625,0.0,0.0,0.0,0.0,0.0,0.0,0.0,0.0,0.0,0.0,,,,,,,,,,,,,,,,,,,,,,,,,
A1QXJZFA5NVGM3,prim,15-2,15.0,2000.0,0.16666666666666666,0.0,0.8333333333333333,0.0,0.0,0.0,0.0,0.0,0.0,0.0,0.0,0.0,0.0,0.0,0.0,0.0,,,,,,,,,,,,,,,,,,,,,,,,,
A1ROEDVMTO9Y3X,ns,15-2,15.0,2000.0,0.0,0.0,0.25,0.0,0.0,0.0,0.0,0.0,0.0,0.0,0.0,0.0,0.0,0.0,0.75,0.0,,,,,,,,,,,,,,,,,,,,,,,,,
A1SCF3L6LTFQHF,prim,15-2,15.0,2000.0,0.08333333333333333,0.0,0.8333333333333333,0.08333333333333333,0.0,0.0,0.0,0.0,0.0,0.0,0.0,0.0,0.0,0.0,0.0,0.0,,,,,,,,,,,,,,,,,,,,,,,,,
A1T7EB1WEDCMXV,ns,15-2,15.0,2000.0,,,,,,,,,,,,,,,,,,,,,,,,,,,,,,,,,,,,,,,,,
A1TR2AOKWGQ78A,ns,15-2,15.0,2000.0,0.0,0.0,0.0,0.0,0.5,0.16666666666666666,0.0,0.0,0.0,0.0,0.3333333333333333,0.0,0.0,0.0,0.0,0.0,,,,,,,,,,,,,,,,,,,,,,,,,
A1UOP419O6P55R,prim,15-2,15.0,2000.0,0.27777777777777773,0.0,0.7222222222222222,0.0,0.0,0.0,0.0,0.0,0.0,0.0,0.0,0.0,0.0,0.0,0.0,0.0,,,,,,,,,,,,,,,,,,,,,,,,,
A1WM3INNDW2776,ns,15-2,15.0,2000.0,0.05555555555555555,0.05555555555555555,0.0,0.6666666666666666,0.05555555555555555,0.0,0.0,0.0,0.0,0.0,0.0,0.0,0.16666666666666666,0.0,0.0,0.0,,,,,,,,,,,,,,,,,,,,,,,,,
A1Z82Y9E6YWY80,ns,15-2,15.0,2000.0,0.5416666666666666,0.0,0.08333333333333333,0.16666666666666666,0.0,0.0,0.0,0.0,0.0,0.041666666666666664,0.0,0.0,0.0,0.0,0.16666666666666666,0.0,,,,,,,,,,,,,,,,,,,,,,,,,
A2113B699TVADG,prim,15-2,15.0,2000.0,0.25,0.0,0.0,0.5,0.0,0.0,0.0,0.25,0.0,0.0,0.0,0.0,0.0,0.0,0.0,0.0,,,,,,,,,,,,,,,,,,,,,,,,,
A219SZBLCCCXN9,prim,15-2,15.0,2000.0,0.3958333333333333,0.0,0.08333333333333333,0.125,0.041666666666666664,0.0,0.0,0.0625,0.0,0.0,0.0,0.041666666666666664,0.0,0.0,0.25,0.0,,,,,,,,,,,,,,,,,,,,,,,,,
A22GYYJXTS5KBH,ns,15-2,15.0,2000.0,0.0,0.4444444444444444,0.3333333333333333,0.0,0.0,0.0,0.0,0.0,0.0,0.0,0.0,0.0,0.0,0.2222222222222222,0.0,0.0,,,,,,,,,,,,,,,,,,,,,,,,,
A22Y78RVB8UFTD,ns,15-2,15.0,2000.0,0.5,0.0,0.0,0.0,0.0,0.0,0.0,0.0,0.0,0.0,0.0,0.0,0.0,0.0,0.0,0.5,,,,,,,,,,,,,,,,,,,,,,,,,
A233LLG8YAXWF,rec,15-2,15.0,2000.0,,,,,,,,,,,,,,,,,,,,,,,,,,,,,,,,,,,,,,,,,
A24GX1OZE6AY04,ns,15-2,15.0,2000.0,0.0,0.0,0.0,0.0,0.0,0.0,0.0,0.0,0.0,0.0,0.0,0.0,1.0,0.0,0.0,0.0,,,,,,,,,,,,,,,,,,,,,,,,,
A26MT7KJ7NJLRN,ns,15-2,15.0,2000.0,0.0,0.0,0.0,0.0,0.0,0.0,0.0,0.0,0.5,0.0,0.0,0.0,0.0,0.0,0.5,0.0,,,,,,,,,,,,,,,,,,,,,,,,,
A26T0U2Y6LZOF3,rec,15-2,15.0,2000.0,0.30952380952380953,0.16666666666666666,0.07142857142857142,0.0,0.0,0.15476190476190477,0.0,0.0,0.0,0.0,0.07142857142857142,0.07142857142857142,0.0,0.0,0.15476190476190477,0.0,,,,,,,,,,,,,,,,,,,,,,,,,
A29J4LL0MQL3AC,prim,15-2,15.0,2000.0,0.16666666666666666,0.0,0.3333333333333333,0.27777777777777773,0.0,0.0,0.1111111111111111,0.0,0.0,0.1111111111111111,0.0,0.0,0.0,0.0,0.0,0.0,,,,,,,,,,,,,,,,,,,,,,,,,
A2G4R0GS677RC2,rec,15-2,15.0,2000.0,0.41666666666666663,0.0,0.0,0.0,0.0,0.0,0.0,0.0,0.08333333333333333,0.0,0.0,0.16666666666666666,0.16666666666666666,0.16666666666666666,0.0,0.0,,,,,,,,,,,,,,,,,,,,,,,,,
A2IV3SSVTU90BN,ns,15-2,15.0,2000.0,0.25,0.0,0.25,0.0,0.25,0.0,0.0,0.0,0.0,0.0,0.0,0.25,0.0,0.0,0.0,0.0,,,,,,,,,,,,,,,,,,,,,,,,,
A2KZN3UH5NGC9,rec,15-2,15.0,2000.0,0.0,0.25,0.0,0.0,0.0,0.0,0.0,0.0,0.0,0.0,0.125,0.0,0.0,0.0,0.0,0.625,,,,,,,,,,,,,,,,,,,,,,,,,
A2MBFIAGBPU5NG,prim,15-2,15.0,2000.0,0.475,0.0,0.0625,0.225,0.2375,0.0,0.0,0.0,0.0,0.0,0.0,0.0,0.0,0.0,0.0,0.0,,,,,,,,,,,,,,,,,,,,,,,,,
A2O86E23R5T4YO,prim,15-2,15.0,2000.0,0.27976190476190477,0.0,0.7202380952380952,0.0,0.0,0.0,0.0,0.0,0.0,0.0,0.0,0.0,0.0,0.0,0.0,0.0,,,,,,,,,,,,,,,,,,,,,,,,,
A2PTABUVOUYAH5,ns,15-2,15.0,2000.0,0.0,0.0,0.0,0.0,0.0,0.0,0.0,0.0,0.0,0.0,0.0,0.0,1.0,0.0,0.0,0.0,,,,,,,,,,,,,,,,,,,,,,,,,
A2R75YFKVALBXE,rec,15-2,15.0,2000.0,,,,,,,,,,,,,,,,,,,,,,,,,,,,,,,,,,,,,,,,,
A2RU1Q3C9VHBAO,prim,15-2,15.0,2000.0,0.0,0.0,0.0,0.5,0.0,0.0,0.0,0.0,0.0,0.0,0.0,0.0,0.5,0.0,0.0,0.0,,,,,,,,,,,,,,,,,,,,,,,,,
A2RVG8Y97DE0GM,prim,15-2,15.0,2000.0,0.3125,0.0,0.6875,0.0,0.0,0.0,0.0,0.0,0.0,0.0,0.0,0.0,0.0,0.0,0.0,0.0,,,,,,,,,,,,,,,,,,,,,,,,,
A2UJ9GDNVPX99C,prim,15-2,15.0,2000.0,0.3333333333333333,0.0,0.3333333333333333,0.0625,0.14583333333333331,0.0,0.0,0.0625,0.0,0.0625,0.0,0.0,0.0,0.0,0.0,0.0,,,,,,,,,,,,,,,,,,,,,,,,,
A2UYZFH5VT5R3H,rec,15-2,15.0,2000.0,,,,,,,,,,,,,,,,,,,,,,,,,,,,,,,,,,,,,,,,,
A2Y8LZS5C81O25,prim,15-2,15.0,2000.0,0.16666666666666666,0.0,0.16666666666666666,0.38888888888888884,0.0,0.0,0.1111111111111111,0.0,0.0,0.0,0.0,0.0,0.0,0.0,0.0,0.16666666666666666,,,,,,,,,,,,,,,,,,,,,,,,,
A30NL5N71G2YAU,ns,15-2,15.0,2000.0,0.4375,0.125,0.041666666666666664,0.041666666666666664,0.0,0.0,0.0625,0.08333333333333333,0.0,0.0625,0.0625,0.0,0.0,0.08333333333333333,0.0,0.0,,,,,,,,,,,,,,,,,,,,,,,,,
A310Y949ILSN3P,prim,15-2,15.0,2000.0,0.0,0.0,0.7222222222222222,0.0,0.1111111111111111,0.16666666666666666,0.0,0.0,0.0,0.0,0.0,0.0,0.0,0.0,0.0,0.0,,,,,,,,,,,,,,,,,,,,,,,,,
A31P78W9ZCQXCS,ns,15-2,15.0,2000.0,0.4583333333333333,0.0,0.16666666666666666,0.16666666666666666,0.0,0.0,0.0,0.08333333333333333,0.0,0.0,0.0,0.0,0.0,0.0,0.0,0.125,,,,,,,,,,,,,,,,,,,,,,,,,
A347RDI3HZOUCY,prim,15-2,15.0,2000.0,0.25,0.0,0.375,0.25,0.0,0.125,0.0,0.0,0.0,0.0,0.0,0.0,0.0,0.0,0.0,0.0,,,,,,,,,,,,,,,,,,,,,,,,,
A34HQHGLIW1FYS,ns,15-2,15.0,2000.0,0.35416666666666663,0.08333333333333333,0.14583333333333331,0.0,0.0,0.0,0.0,0.0,0.0,0.0,0.0,0.0,0.0,0.20833333333333331,0.20833333333333331,0.0,,,,,,,,,,,,,,,,,,,,,,,,,
A34IPEKX5WXJIN,prim,15-2,15.0,2000.0,0.125,0.0,0.4375,0.3125,0.125,0.0,0.0,0.0,0.0,0.0,0.0,0.0,0.0,0.0,0.0,0.0,,,,,,,,,,,,,,,,,,,,,,,,,
A34YNEN8UUI3CD,ns,15-2,15.0,2000.0,1.0,0.0,0.0,0.0,0.0,0.0,0.0,0.0,0.0,0.0,0.0,0.0,0.0,0.0,0.0,0.0,,,,,,,,,,,,,,,,,,,,,,,,,
A35VI4SE31HD17,prim,15-2,15.0,2000.0,0.35416666666666663,0.0,0.3125,0.1875,0.14583333333333331,0.0,0.0,0.0,0.0,0.0,0.0,0.0,0.0,0.0,0.0,0.0,,,,,,,,,,,,,,,,,,,,,,,,,
A36S0DI86PL4J6,prim,15-2,15.0,2000.0,0.175,0.1,0.525,0.05,0.0,0.0,0.05,0.0,0.0,0.0,0.0,0.0,0.1,0.0,0.0,0.0,,,,,,,,,,,,,,,,,,,,,,,,,
A384KX8MUIJSTJ,ns,15-2,15.0,2000.0,0.16666666666666666,0.0,0.35,0.08333333333333333,0.18333333333333335,0.0,0.05,0.0,0.0,0.08333333333333333,0.0,0.0,0.08333333333333333,0.0,0.0,0.0,,,,,,,,,,,,,,,,,,,,,,,,,
A38DHLB88V8DL8,rec,15-2,15.0,2000.0,0.0,0.0,0.0,0.0,0.0,0.0,0.0,0.0,0.0,0.0,0.0,0.0,0.0,0.0,1.0,0.0,,,,,,,,,,,,,,,,,,,,,,,,,
A3AWQ3AACIPXM2,ns,15-2,15.0,2000.0,0.8055555555555556,0.0,0.0,0.0,0.0,0.0,0.0,0.05555555555555555,0.0,0.0,0.0,0.1388888888888889,0.0,0.0,0.0,0.0,,,,,,,,,,,,,,,,,,,,,,,,,
A3BA2WMGN6KHUU,ns,15-2,15.0,2000.0,0.3125,0.0625,0.4375,0.0,0.0,0.0625,0.0,0.0,0.0,0.0,0.0625,0.0,0.0,0.0625,0.0,0.0,,,,,,,,,,,,,,,,,,,,,,,,,
A3BN69Q9D7RQGR,ns,15-2,15.0,2000.0,0.425,0.0875,0.0625,0.0,0.0,0.125,0.03125,0.0,0.0875,0.03125,0.0,0.0875,0.0,0.0,0.03125,0.03125,,,,,,,,,,,,,,,,,,,,,,,,,
A3C25IBTLB60RQ,prim,15-2,15.0,2000.0,0.0,0.0,0.3333333333333333,0.0,0.3333333333333333,0.0,0.0,0.0,0.0,0.0,0.0,0.0,0.3333333333333333,0.0,0.0,0.0,,,,,,,,,,,,,,,,,,,,,,,,,
A3FOKP72T5I4FR,ns,15-2,15.0,2000.0,0.0,0.0,0.0,0.0,1.0,0.0,0.0,0.0,0.0,0.0,0.0,0.0,0.0,0.0,0.0,0.0,,,,,,,,,,,,,,,,,,,,,,,,,
A3HBB9JT9WVZS4,ns,15-2,15.0,2000.0,0.25,0.0625,0.08333333333333333,0.0,0.0,0.0,0.16666666666666666,0.14583333333333331,0.0,0.08333333333333333,0.08333333333333333,0.0,0.125,0.0,0.0,0.0,,,,,,,,,,,,,,,,,,,,,,,,,
A3HOPYBWSR1TWR,prim,15-2,15.0,2000.0,0.29166666666666663,0.0,0.0,0.25,0.14583333333333331,0.22916666666666666,0.0,0.0,0.08333333333333333,0.0,0.0,0.0,0.0,0.0,0.0,0.0,,,,,,,,,,,,,,,,,,,,,,,,,
A3IBDJ12CRTQQN,prim,15-2,15.0,2000.0,0.6666666666666666,0.0,0.16666666666666666,0.16666666666666666,0.0,0.0,0.0,0.0,0.0,0.0,0.0,0.0,0.0,0.0,0.0,0.0,,,,,,,,,,,,,,,,,,,,,,,,,
A3IHTJXHWPQ2JR,rec,15-2,15.0,2000.0,0.3333333333333333,0.0,0.0,0.0,0.0,0.0,0.0,0.0,0.0,0.0,0.0,0.0,0.0,0.16666666666666666,0.5,0.0,,,,,,,,,,,,,,,,,,,,,,,,,
A3MWLHSW9B9RHU,prim,15-2,15.0,2000.0,0.4125,0.0,0.5875,0.0,0.0,0.0,0.0,0.0,0.0,0.0,0.0,0.0,0.0,0.0,0.0,0.0,,,,,,,,,,,,,,,,,,,,,,,,,
A3ORKXM3WG8QJ9,prim,15-2,15.0,2000.0,0.0,0.0,0.5,0.5,0.0,0.0,0.0,0.0,0.0,0.0,0.0,0.0,0.0,0.0,0.0,0.0,,,,,,,,,,,,,,,,,,,,,,,,,
A3P52W1SBJUT5N,ns,15-2,15.0,2000.0,0.2222222222222222,0.0,0.19444444444444442,0.0,0.1111111111111111,0.08333333333333333,0.0,0.0,0.0,0.0,0.0,0.1111111111111111,0.0,0.08333333333333333,0.19444444444444442,0.0,,,,,,,,,,,,,,,,,,,,,,,,,
A3U27ZHUGOPIAN,prim,15-2,15.0,2000.0,0.2648809523809524,0.0625,0.22172619047619047,0.15476190476190477,0.07738095238095238,0.0,0.0,0.03125,0.0,0.03125,0.03125,0.0,0.0,0.0,0.125,0.0,,,,,,,,,,,,,,,,,,,,,,,,,
A3UA50A6GKNAMR,prim,15-2,15.0,2000.0,0.39583333333333337,0.0,0.2916666666666667,0.0,0.0,0.0,0.0,0.0,0.0,0.0,0.3125,0.0,0.0,0.0,0.0,0.0,,,,,,,,,,,,,,,,,,,,,,,,,
A3UE8ANAIM7F15,ns,15-2,15.0,2000.0,0.16666666666666666,0.0,0.0625,0.16666666666666666,0.08333333333333333,0.08333333333333333,0.0,0.08333333333333333,0.14583333333333331,0.0,0.0,0.0625,0.0,0.0625,0.08333333333333333,0.0,,,,,,,,,,,,,,,,,,,,,,,,,
A3UGB3B1S74HR9,prim,15-2,15.0,2000.0,0.22916666666666666,0.0,0.4583333333333333,0.22916666666666666,0.0,0.041666666666666664,0.041666666666666664,0.0,0.0,0.0,0.0,0.0,0.0,0.0,0.0,0.0,,,,,,,,,,,,,,,,,,,,,,,,,
A3UUW04QL49RSC,prim,15-2,15.0,2000.0,0.3333333333333333,0.0,0.3333333333333333,0.0,0.0,0.3333333333333333,0.0,0.0,0.0,0.0,0.0,0.0,0.0,0.0,0.0,0.0,,,,,,,,,,,,,,,,,,,,,,,,,
A6HDSE80LQPR8,rec,15-2,15.0,2000.0,0.0,0.0,0.0,0.0,0.5,0.0,0.0,0.0,0.0,0.0,0.0,0.0,0.0,0.0,0.5,0.0,,,,,,,,,,,,,,,,,,,,,,,,,
AAOOH6P4HHSCS,prim,15-2,15.0,2000.0,0.25,0.0,0.3333333333333333,0.08333333333333333,0.08333333333333333,0.25,0.0,0.0,0.0,0.0,0.0,0.0,0.0,0.0,0.0,0.0,,,,,,,,,,,,,,,,,,,,,,,,,
ADGJXUEMPLTMS,prim,15-2,15.0,2000.0,0.3333333333333333,0.0,0.0,0.0,0.16666666666666666,0.16666666666666666,0.0,0.3333333333333333,0.0,0.0,0.0,0.0,0.0,0.0,0.0,0.0,,,,,,,,,,,,,,,,,,,,,,,,,
AEF1G6YE8RIB8,prim,15-2,15.0,2000.0,0.40625,0.0,0.29166666666666663,0.13541666666666666,0.08333333333333333,0.0,0.0,0.0,0.0,0.0,0.0,0.0,0.0,0.08333333333333333,0.0,0.0,,,,,,,,,,,,,,,,,,,,,,,,,
AERGHZBQFT309,ns,15-2,15.0,2000.0,0.0,0.0,0.0,0.0,0.0,0.0,0.0,0.0,0.0,0.0,0.0,0.0,0.0,0.0,0.0,1.0,,,,,,,,,,,,,,,,,,,,,,,,,
AESZJEZTZEW01,ns,15-2,15.0,2000.0,0.75,0.0,0.0,0.0,0.0,0.0,0.0,0.25,0.0,0.0,0.0,0.0,0.0,0.0,0.0,0.0,,,,,,,,,,,,,,,,,,,,,,,,,
AEX1I7K7OVHHC,rec,15-2,15.0,2000.0,0.14285714285714285,0.0,0.0,0.1111111111111111,0.0,0.0,0.3333333333333333,0.0,0.0,0.0,0.0,0.2222222222222222,0.09523809523809523,0.0,0.09523809523809523,0.0,,,,,,,,,,,,,,,,,,,,,,,,,
AEXRVIK8SKB4V,prim,15-2,15.0,2000.0,0.7333333333333334,0.0,0.1,0.16666666666666666,0.0,0.0,0.0,0.0,0.0,0.0,0.0,0.0,0.0,0.0,0.0,0.0,,,,,,,,,,,,,,,,,,,,,,,,,
AF0W4ZBY7VXOU,rec,15-2,15.0,2000.0,,,,,,,,,,,,,,,,,,,,,,,,,,,,,,,,,,,,,,,,,
AFZGUWYLC0NG0,ns,15-2,15.0,2000.0,0.15,0.16666666666666666,0.05,0.0,0.21666666666666667,0.0,0.25,0.0,0.0,0.0,0.0,0.0,0.0,0.08333333333333333,0.08333333333333333,0.0,,,,,,,,,,,,,,,,,,,,,,,,,
AGANKP4PUZ4NC,prim,15-2,15.0,2000.0,0.25,0.0,0.0625,0.0,0.0625,0.0,0.0,0.0625,0.3125,0.25,0.0,0.0,0.0,0.0,0.0,0.0,,,,,,,,,,,,,,,,,,,,,,,,,
AHY3YAYJLTW32,rec,15-2,15.0,2000.0,,,,,,,,,,,,,,,,,,,,,,,,,,,,,,,,,,,,,,,,,
AL9SYQEUTNJXT,prim,15-2,15.0,2000.0,0.44880952380952377,0.0,0.2928571428571428,0.13333333333333333,0.0,0.0,0.0,0.0,0.0,0.0,0.0,0.0,0.0,0.0,0.0625,0.0625,,,,,,,,,,,,,,,,,,,,,,,,,
ALDQRWYZ8KQ9A,rec,15-2,15.0,2000.0,,,,,,,,,,,,,,,,,,,,,,,,,,,,,,,,,,,,,,,,,
AM65LGXJBTJ0I,ns,15-2,15.0,2000.0,0.0,0.0,1.0,0.0,0.0,0.0,0.0,0.0,0.0,0.0,0.0,0.0,0.0,0.0,0.0,0.0,,,,,,,,,,,,,,,,,,,,,,,,,
AOIR8V07FYMH5,rec,15-2,15.0,2000.0,0.5,0.0,0.5,0.0,0.0,0.0,0.0,0.0,0.0,0.0,0.0,0.0,0.0,0.0,0.0,0.0,,,,,,,,,,,,,,,,,,,,,,,,,
AR0VJ5XRG16UJ,rec,15-2,15.0,2000.0,0.375,0.0,0.125,0.0,0.0,0.0,0.0,0.0,0.0,0.0,0.0,0.0,0.0,0.0,0.125,0.375,,,,,,,,,,,,,,,,,,,,,,,,,
AU5UJIZ3TLI5M,rec,15-2,15.0,2000.0,0.0,0.0,0.0,0.0,0.0,0.0,0.0,0.0,0.0,0.0,0.0,0.0,0.0,0.0,1.0,0.0,,,,,,,,,,,,,,,,,,,,,,,,,
AW2UVK63OLFW,ns,15-2,15.0,2000.0,0.29166666666666663,0.0,0.375,0.0,0.0,0.08333333333333333,0.0,0.0,0.125,0.0,0.0,0.0,0.0,0.0,0.0,0.125,,,,,,,,,,,,,,,,,,,,,,,,,
AW5O1RK3W60FC,rec,15-2,15.0,2000.0,0.0,0.0,0.0,0.0,0.0,0.0,0.0,0.0,0.0,0.0,0.0,0.0,0.0,0.0,1.0,0.0,,,,,,,,,,,,,,,,,,,,,,,,,
AWRY5SC68T0DC,prim,15-2,15.0,2000.0,0.65,0.0,0.13333333333333333,0.21666666666666667,0.0,0.0,0.0,0.0,0.0,0.0,0.0,0.0,0.0,0.0,0.0,0.0,,,,,,,,,,,,,,,,,,,,,,,,,
AWTCGY2CL1T68,prim,15-2,15.0,2000.0,0.14583333333333331,0.0,0.5,0.35416666666666663,0.0,0.0,0.0,0.0,0.0,0.0,0.0,0.0,0.0,0.0,0.0,0.0,,,,,,,,,,,,,,,,,,,,,,,,,
AXSBX0MCQNG3A,prim,15-2,15.0,2000.0,0.41666666666666663,0.0,0.375,0.125,0.08333333333333333,0.0,0.0,0.0,0.0,0.0,0.0,0.0,0.0,0.0,0.0,0.0,,,,,,,,,,,,,,,,,,,,,,,,,
A14WLAP6TCEKO0,rec,30-1,30.0,1000.0,0.0,0.0,0.0,0.0,0.0,0.0,0.0,0.0,0.0,0.0,0.0,0.0,0.0,0.0,0.0,0.0,0.0,0.0,0.0,0.0,0.0,0.0,0.0,0.0,0.0,0.5,0.0,0.0,0.5,0.0,0.0,,,,,,,,,,
A15V9BXNJXZXZX,ns,30-1,30.0,1000.0,0.0,0.0,0.0,0.0,0.0,0.0,0.0,0.0,0.5,0.0,0.0,0.0,0.0,0.25,0.0,0.0,0.0,0.0,0.0,0.0,0.0,0.0,0.0,0.0,0.0,0.0,0.0,0.25,0.0,0.0,0.0,,,,,,,,,,
A16335MOISDG1F,rec,30-1,30.0,1000.0,,,,,,,,,,,,,,,,,,,,,,,,,,,,,,,,,,,,,,,,,
A17FJLW818UEQU,rec,30-1,30.0,1000.0,0.0,0.0,0.0,0.0,0.0,0.0,0.0,0.0,0.0,0.0,0.0,0.0,0.0,0.0,0.0,0.0,0.0,0.0,0.0,0.0,0.0,0.0,0.0,0.0,0.0,0.0,0.0,1.0,0.0,0.0,0.0,,,,,,,,,,
A186PT9ZLO5EJD,prim,30-1,30.0,1000.0,0.75,0.0,0.25,0.0,0.0,0.0,0.0,0.0,0.0,0.0,0.0,0.0,0.0,0.0,0.0,0.0,0.0,0.0,0.0,0.0,0.0,0.0,0.0,0.0,0.0,0.0,0.0,0.0,0.0,0.0,0.0,,,,,,,,,,
A1AS1H21O9896X,ns,30-1,30.0,1000.0,0.15,0.0,0.0,0.0,0.16666666666666666,0.06666666666666667,0.26111111111111107,0.0,0.0,0.2888888888888889,0.0,0.0,0.0,0.0,0.0,0.0,0.0,0.0,0.0,0.0,0.0,0.0,0.0,0.0,0.0,0.0,0.0,0.0,0.06666666666666667,0.0,0.0,,,,,,,,,,
A1AYTKAQT201ZV,prim,30-1,30.0,1000.0,0.30892857142857144,0.0,0.30892857142857144,0.1607142857142857,0.17142857142857143,0.05,0.0,0.0,0.0,0.0,0.0,0.0,0.0,0.0,0.0,0.0,0.0,0.0,0.0,0.0,0.0,0.0,0.0,0.0,0.0,0.0,0.0,0.0,0.0,0.0,0.0,,,,,,,,,,
A1EII5EWOTBDK9,rec,30-1,30.0,1000.0,0.0,0.0,0.0,0.0,0.125,0.0,0.0,0.0,0.0,0.0,0.0,0.0,0.0,0.0,0.0,0.0,0.0,0.0,0.0,0.0,0.0,0.25,0.0,0.0,0.0,0.0,0.08333333333333333,0.0,0.25,0.16666666666666666,0.125,,,,,,,,,,
A1F9KLZGHE9DTA,rec,30-1,30.0,1000.0,0.0,0.0,0.0,0.0,0.0,0.0,0.0,0.0,0.0,0.0,0.0,0.0,0.0,0.0,0.0,0.0,0.0,0.0,0.0,0.0,0.0,0.0,0.0,0.0,0.0,0.0,0.0,0.0,0.0,1.0,0.0,,,,,,,,,,
A1IGKJ200N82S9,rec,30-1,30.0,1000.0,0.0,0.25,0.0,0.0,0.0,0.0,0.0,0.0,0.0,0.0,0.0,0.0,0.0,0.0,0.0,0.0,0.25,0.5,0.0,0.0,0.0,0.0,0.0,0.0,0.0,0.0,0.0,0.0,0.0,0.0,0.0,,,,,,,,,,
A1KGUJMWDCPSYG,rec,30-1,30.0,1000.0,0.2901785714285714,0.0,0.0,0.03571428571428571,0.0,0.0,0.0,0.0,0.03125,0.03571428571428571,0.0,0.0,0.0,0.125,0.03125,0.0,0.0,0.0,0.0,0.0,0.0,0.0,0.03571428571428571,0.0,0.0,0.03571428571428571,0.08571428571428572,0.08125,0.08125,0.08125,0.05,,,,,,,,,,
A1M1E62KXCDNL0,ns,30-1,30.0,1000.0,0.0,0.0,0.0,0.0,0.0,0.3333333333333333,0.0,0.0,0.0,0.0,0.3333333333333333,0.0,0.0,0.0,0.0,0.0,0.0,0.0,0.0,0.0,0.0,0.0,0.0,0.0,0.0,0.0,0.3333333333333333,0.0,0.0,0.0,0.0,,,,,,,,,,
A1MG8KNVSVZ365,prim,30-1,30.0,1000.0,0.3416666666666666,0.0,0.26666666666666666,0.20833333333333331,0.1,0.0,0.0,0.0,0.0,0.0,0.0,0.0,0.0,0.0,0.0,0.0,0.0,0.0,0.0,0.0,0.0,0.0,0.0,0.0,0.0,0.0,0.041666666666666664,0.0,0.041666666666666664,0.0,0.0,,,,,,,,,,
A1MKEILXWWLBW2,rec,30-1,30.0,1000.0,0.0,0.0,0.0,0.0,0.0,0.0,0.0,0.0,0.0,0.0,0.0,0.0,0.0,0.0,0.0,0.0,0.0,0.0,0.0,0.0,0.0,0.0,0.0,0.0,0.0,0.0,0.0,0.0,0.0,0.0,1.0,,,,,,,,,,
A1O67YS3DU0ZHX,rec,30-1,30.0,1000.0,0.0,0.0,0.0,0.0,0.0,0.0,0.0,0.0,0.0,0.0,0.0,0.0,0.0,0.0,0.0,0.0,0.0,0.0,0.0,0.0,0.0,0.0,0.0,0.0,0.0,0.0,0.0,0.0,1.0,0.0,0.0,,,,,,,,,,
A1Q0G8JA5EZ8EI,rec,30-1,30.0,1000.0,0.0,0.0,0.0,0.0,0.0,0.0,0.0,0.0,0.0,0.0,0.0,0.0,0.0,0.0,0.0,0.0,0.0,0.0,0.0,0.0,0.0,0.0,0.0,0.0,0.0,0.0,0.0,0.0,0.0,0.0,1.0,,,,,,,,,,
A1SLJKNSNHOJRN,rec,30-1,30.0,1000.0,,,,,,,,,,,,,,,,,,,,,,,,,,,,,,,,,,,,,,,,,
A1T2P6E67251U5,prim,30-1,30.0,1000.0,0.1111111111111111,0.0,0.7777777777777777,0.0,0.1111111111111111,0.0,0.0,0.0,0.0,0.0,0.0,0.0,0.0,0.0,0.0,0.0,0.0,0.0,0.0,0.0,0.0,0.0,0.0,0.0,0.0,0.0,0.0,0.0,0.0,0.0,0.0,,,,,,,,,,
A1U4WS9KJMADV,rec,30-1,30.0,1000.0,0.0,0.5,0.0,0.0,0.0,0.0,0.0,0.0,0.0,0.0,0.0,0.0,0.0,0.0,0.0,0.0,0.0,0.0,0.0,0.0,0.0,0.0,0.0,0.0,0.0,0.0,0.0,0.0,0.0,0.5,0.0,,,,,,,,,,
A1X4T3QSIE8YYX,prim,30-1,30.0,1000.0,,,,,,,,,,,,,,,,,,,,,,,,,,,,,,,,,,,,,,,,,
A225J5T6WHO2MG,prim,30-1,30.0,1000.0,0.0,0.0,0.0,0.3333333333333333,0.0,0.0,0.3333333333333333,0.3333333333333333,0.0,0.0,0.0,0.0,0.0,0.0,0.0,0.0,0.0,0.0,0.0,0.0,0.0,0.0,0.0,0.0,0.0,0.0,0.0,0.0,0.0,0.0,0.0,,,,,,,,,,
A23KDD6OPM4NJ0,prim,30-1,30.0,1000.0,0.4875,0.0,0.19375,0.08125,0.0625,0.0,0.125,0.0,0.0,0.05,0.0,0.0,0.0,0.0,0.0,0.0,0.0,0.0,0.0,0.0,0.0,0.0,0.0,0.0,0.0,0.0,0.0,0.0,0.0,0.0,0.0,,,,,,,,,,
A25Y3D2Y2DR8WM,prim,30-1,30.0,1000.0,0.125,0.125,0.25,0.25,0.0,0.0,0.0,0.0,0.0,0.0,0.0,0.0,0.0,0.0,0.0,0.0,0.0,0.0,0.0,0.0,0.0,0.0,0.0,0.0,0.0,0.0,0.0,0.0,0.0,0.0,0.25,,,,,,,,,,
A26XKTGGGYBI4J,prim,30-1,30.0,1000.0,0.26666666666666666,0.0,0.3833333333333333,0.0,0.25,0.0,0.05,0.0,0.05,0.0,0.0,0.0,0.0,0.0,0.0,0.0,0.0,0.0,0.0,0.0,0.0,0.0,0.0,0.0,0.0,0.0,0.0,0.0,0.0,0.0,0.0,,,,,,,,,,
A28OD52SMLYQ16,rec,30-1,30.0,1000.0,0.16666666666666666,0.0,0.3333333333333333,0.0,0.0,0.0,0.0,0.0,0.0,0.0,0.0,0.0,0.0,0.0,0.0,0.0,0.0,0.16666666666666666,0.0,0.0,0.0,0.0,0.0,0.0,0.0,0.0,0.0,0.0,0.16666666666666666,0.16666666666666666,0.0,,,,,,,,,,
A28TA25NJGLL3Y,prim,30-1,30.0,1000.0,0.3055555555555555,0.0,0.0,0.3055555555555555,0.13888888888888887,0.08333333333333333,0.1111111111111111,0.0,0.05555555555555555,0.0,0.0,0.0,0.0,0.0,0.0,0.0,0.0,0.0,0.0,0.0,0.0,0.0,0.0,0.0,0.0,0.0,0.0,0.0,0.0,0.0,0.0,,,,,,,,,,
A28ZPY6D5AS7GZ,ns,30-1,30.0,1000.0,0.5,0.0,0.0,0.0,0.0,0.0,0.0,0.0,0.0,0.0,0.0,0.0,0.0,0.0,0.0,0.0,0.0,0.0,0.0,0.0,0.0,0.0,0.0,0.0,0.0,0.0,0.0,0.0,0.0,0.0,0.5,,,,,,,,,,
A2ASRB2MTHDHPD,prim,30-1,30.0,1000.0,0.08333333333333333,0.0,0.9166666666666666,0.0,0.0,0.0,0.0,0.0,0.0,0.0,0.0,0.0,0.0,0.0,0.0,0.0,0.0,0.0,0.0,0.0,0.0,0.0,0.0,0.0,0.0,0.0,0.0,0.0,0.0,0.0,0.0,,,,,,,,,,
A2BUHMLNE3LUU0,ns,30-1,30.0,1000.0,0.125,0.0,0.0,0.25,0.0,0.0,0.0,0.0,0.0,0.0,0.0,0.0,0.0,0.0,0.0,0.0,0.0,0.125,0.0,0.0,0.0,0.0,0.0,0.0,0.0,0.125,0.0,0.125,0.125,0.125,0.0,,,,,,,,,,
A2E2SLXF4KQ3S1,prim,30-1,30.0,1000.0,0.25,0.0,0.5,0.125,0.125,0.0,0.0,0.0,0.0,0.0,0.0,0.0,0.0,0.0,0.0,0.0,0.0,0.0,0.0,0.0,0.0,0.0,0.0,0.0,0.0,0.0,0.0,0.0,0.0,0.0,0.0,,,,,,,,,,
A2FJIZUHR6E4EZ,prim,30-1,30.0,1000.0,0.3375,0.0,0.3,0.0625,0.05,0.0,0.0,0.0,0.0,0.0,0.0,0.0,0.0,0.0,0.0,0.0,0.0,0.0,0.0,0.0,0.0,0.0,0.0,0.0,0.0,0.0,0.0,0.0,0.25,0.0,0.0,,,,,,,,,,
A2G2T6EMXAOKMS,rec,30-1,30.0,1000.0,,,,,,,,,,,,,,,,,,,,,,,,,,,,,,,,,,,,,,,,,
A2GRA6N98ZPIQ1,prim,30-1,30.0,1000.0,0.16666666666666666,0.0,0.6666666666666666,0.16666666666666666,0.0,0.0,0.0,0.0,0.0,0.0,0.0,0.0,0.0,0.0,0.0,0.0,0.0,0.0,0.0,0.0,0.0,0.0,0.0,0.0,0.0,0.0,0.0,0.0,0.0,0.0,0.0,,,,,,,,,,
A2IKLJWU2OJ1YX,prim,30-1,30.0,1000.0,0.0,0.0,0.0,0.0,0.5,0.0,0.16666666666666666,0.0,0.0,0.0,0.0,0.0,0.0,0.1111111111111111,0.0,0.0,0.0,0.1111111111111111,0.0,0.0,0.0,0.0,0.0,0.0,0.0,0.0,0.0,0.1111111111111111,0.0,0.0,0.0,,,,,,,,,,
A2K5AXCSY703CU,ns,30-1,30.0,1000.0,0.25,0.0,0.0,0.3333333333333333,0.16666666666666666,0.25,0.0,0.0,0.0,0.0,0.0,0.0,0.0,0.0,0.0,0.0,0.0,0.0,0.0,0.0,0.0,0.0,0.0,0.0,0.0,0.0,0.0,0.0,0.0,0.0,0.0,,,,,,,,,,
A2MV1R6YYOIO30,prim,30-1,30.0,1000.0,0.0,0.0,0.5,0.0,0.0,0.5,0.0,0.0,0.0,0.0,0.0,0.0,0.0,0.0,0.0,0.0,0.0,0.0,0.0,0.0,0.0,0.0,0.0,0.0,0.0,0.0,0.0,0.0,0.0,0.0,0.0,,,,,,,,,,
A2NU82V08QSPCC,prim,30-1,30.0,1000.0,,,,,,,,,,,,,,,,,,,,,,,,,,,,,,,,,,,,,,,,,
A2NY0VWEWDULC6,rec,30-1,30.0,1000.0,0.0,0.0,0.0,0.0,0.0,0.5,0.0,0.0,0.0,0.0,0.0,0.0,0.0,0.0,0.0,0.0,0.0,0.0,0.5,0.0,0.0,0.0,0.0,0.0,0.0,0.0,0.0,0.0,0.0,0.0,0.0,,,,,,,,,,
A2OFVEA8BEJDZN,ns,30-1,30.0,1000.0,0.1111111111111111,0.0,0.0,0.0,0.1111111111111111,0.1111111111111111,0.0,0.08333333333333333,0.08333333333333333,0.1111111111111111,0.08333333333333333,0.0,0.0,0.08333333333333333,0.0,0.0,0.0,0.0,0.0,0.0,0.0,0.0,0.0,0.0,0.0,0.0,0.0,0.0,0.0,0.1111111111111111,0.1111111111111111,,,,,,,,,,
A2P83PY6P7ECM5,ns,30-1,30.0,1000.0,0.5666666666666667,0.06666666666666667,0.041666666666666664,0.13333333333333333,0.0,0.0,0.0,0.0,0.041666666666666664,0.06666666666666667,0.0,0.0,0.0,0.0,0.0,0.0,0.0,0.0,0.0,0.0,0.0,0.0,0.0,0.0,0.0,0.0,0.041666666666666664,0.0,0.041666666666666664,0.0,0.0,,,,,,,,,,
A2PUL3ZDXOW0VZ,rec,30-1,30.0,1000.0,0.0,0.0,0.0,0.0,0.0,0.0,0.0,0.0,0.0,0.0,0.0,0.0,0.0,0.0,0.0,0.0,0.0,0.0,0.0,0.0,0.0,0.0,0.0,0.0,0.0,0.0,0.0,0.0,1.0,0.0,0.0,,,,,,,,,,
A2ROI30AQITC3V,ns,30-1,30.0,1000.0,0.16666666666666666,0.16666666666666666,0.0,0.25,0.0,0.08333333333333333,0.0,0.08333333333333333,0.0,0.0,0.08333333333333333,0.16666666666666666,0.0,0.0,0.0,0.0,0.0,0.0,0.0,0.0,0.0,0.0,0.0,0.0,0.0,0.0,0.0,0.0,0.0,0.0,0.0,,,,,,,,,,
A2VZN8J53Y5WYR,prim,30-1,30.0,1000.0,0.45,0.0,0.275,0.175,0.05,0.0,0.05,0.0,0.0,0.0,0.0,0.0,0.0,0.0,0.0,0.0,0.0,0.0,0.0,0.0,0.0,0.0,0.0,0.0,0.0,0.0,0.0,0.0,0.0,0.0,0.0,,,,,,,,,,
A2XMRJKCNKLL4E,ns,30-1,30.0,1000.0,0.29166666666666663,0.0,0.0,0.08333333333333333,0.16666666666666666,0.0,0.25,0.0,0.0,0.0,0.0,0.0,0.0,0.0,0.0,0.125,0.0,0.0,0.0,0.0,0.0,0.0,0.0,0.08333333333333333,0.0,0.0,0.0,0.0,0.0,0.0,0.0,,,,,,,,,,
A2Y0VM8BAF0RMT,ns,30-1,30.0,1000.0,0.0,0.0,0.0,0.0,0.0,0.0,0.0,0.0,0.0,0.0,0.0,0.0,0.0,0.0,0.0,0.0,0.0,0.0,0.0,0.0,0.0,0.0,0.0,0.0,0.0,0.0,0.0,0.0,0.0,0.0,1.0,,,,,,,,,,
A2ZGAH6NOSU2PO,rec,30-1,30.0,1000.0,,,,,,,,,,,,,,,,,,,,,,,,,,,,,,,,,,,,,,,,,
A30DHHAL100LZR,ns,30-1,30.0,1000.0,0.0,0.0,0.0,0.0,0.0,0.0,0.0,0.0,0.0,0.0,0.0,0.0,0.0,0.0,0.0,0.0,0.0,0.0,0.0,0.0,0.0,0.0,0.0,0.0,0.0,0.0,0.25,0.25,0.0,0.5,0.0,,,,,,,,,,
A31SZFE8M7YK0S,ns,30-1,30.0,1000.0,0.0,0.0,0.0,0.0,0.0,0.0,0.0,0.0,0.0,0.16666666666666666,0.0,0.0,0.0,0.0,0.0,0.0,0.0,0.0,0.0,0.0,0.1111111111111111,0.0,0.1111111111111111,0.0,0.0,0.0,0.1111111111111111,0.0,0.16666666666666666,0.3333333333333333,0.0,,,,,,,,,,
A34DYM8J0X5VK,rec,30-1,30.0,1000.0,0.0,0.0,0.0,0.0,0.0,0.0,0.0,0.0,0.0,0.0,0.0,0.0,0.0,0.0,0.0,0.0,0.0,0.0,0.0,0.0,0.0,0.0,0.0,0.0,0.0,0.0,0.0,0.0,0.5,0.0,0.5,,,,,,,,,,
A36IB78C6MVA3,prim,30-1,30.0,1000.0,0.1,0.0,0.225,0.425,0.125,0.0,0.0,0.0,0.0,0.0,0.125,0.0,0.0,0.0,0.0,0.0,0.0,0.0,0.0,0.0,0.0,0.0,0.0,0.0,0.0,0.0,0.0,0.0,0.0,0.0,0.0,,,,,,,,,,
A389Y151TAJ4XG,ns,30-1,30.0,1000.0,0.5520833333333333,0.0,0.0625,0.0,0.0,0.0,0.0,0.0,0.0,0.0,0.03125,0.0625,0.17708333333333331,0.0,0.0,0.11458333333333333,0.0,0.0,0.0,0.0,0.0,0.0,0.0,0.0,0.0,0.0,0.0,0.0,0.0,0.0,0.0,,,,,,,,,,
A3AY0315YWWNXY,rec,30-1,30.0,1000.0,0.0,0.0,0.0,0.0,0.0,0.0,0.0,0.0,0.0,0.0,0.0,0.0,0.0,0.0,0.0,0.0,0.0,0.0,0.0,0.0,0.0,0.0,0.0,0.0,0.0,0.0,0.0,0.0,0.0,0.0,1.0,,,,,,,,,,
A3EUH97BRHRSI6,rec,30-1,30.0,1000.0,0.125,0.0,0.0,0.0,0.0,0.0,0.0,0.0,0.0,0.0,0.0,0.0,0.0,0.0,0.0,0.0,0.0,0.0,0.0,0.08333333333333333,0.125,0.08333333333333333,0.0,0.0,0.08333333333333333,0.0,0.0,0.0,0.0,0.5,0.0,,,,,,,,,,
A3I97794CB5SUO,rec,30-1,30.0,1000.0,0.0,0.0,0.0,0.0,0.0,0.0,0.0,0.0,0.0,0.0,0.0,0.0,0.0,0.0,0.0,0.0,0.0,0.0,0.0,0.0,0.0,0.0,0.0,0.0,0.0,0.0,0.0,0.0,0.0,0.3333333333333333,0.6666666666666666,,,,,,,,,,
A3RVHUY67SVXQV,ns,30-1,30.0,1000.0,0.0,0.0,1.0,0.0,0.0,0.0,0.0,0.0,0.0,0.0,0.0,0.0,0.0,0.0,0.0,0.0,0.0,0.0,0.0,0.0,0.0,0.0,0.0,0.0,0.0,0.0,0.0,0.0,0.0,0.0,0.0,,,,,,,,,,
A3TX84QHD321M7,prim,30-1,30.0,1000.0,0.4708333333333333,0.0,0.1958333333333333,0.05,0.1,0.0,0.0,0.05,0.0,0.05,0.0,0.08333333333333333,0.0,0.0,0.0,0.0,0.0,0.0,0.0,0.0,0.0,0.0,0.0,0.0,0.0,0.0,0.0,0.0,0.0,0.0,0.0,,,,,,,,,,
A3UCN8EJI08X2P,ns,30-1,30.0,1000.0,0.16666666666666666,0.0,0.25,0.25,0.0,0.0,0.0,0.0,0.0,0.0,0.0,0.0,0.0,0.0,0.0,0.0,0.0,0.0,0.0,0.0,0.0,0.0,0.16666666666666666,0.0,0.0,0.0,0.0,0.0,0.16666666666666666,0.0,0.0,,,,,,,,,,
A3UQ5DF8VVD975,rec,30-1,30.0,1000.0,0.0,0.0,0.0,0.0,0.0,0.0,0.0,0.0,0.0,0.0,0.0,0.0,0.0,0.0,0.0,0.0,0.0,0.0,0.0,0.0,0.0,0.0,0.0,0.0,0.0,0.0,0.0,0.0,0.5,0.0,0.5,,,,,,,,,,
A3V71NT2X4HD1I,prim,30-1,30.0,1000.0,0.1111111111111111,0.0,0.37777777777777777,0.3444444444444444,0.0,0.16666666666666666,0.0,0.0,0.0,0.0,0.0,0.0,0.0,0.0,0.0,0.0,0.0,0.0,0.0,0.0,0.0,0.0,0.0,0.0,0.0,0.0,0.0,0.0,0.0,0.0,0.0,,,,,,,,,,
A51TGVVYJF7T0,prim,30-1,30.0,1000.0,0.49999999999999994,0.0,0.08333333333333333,0.25,0.0,0.08333333333333333,0.0,0.08333333333333333,0.0,0.0,0.0,0.0,0.0,0.0,0.0,0.0,0.0,0.0,0.0,0.0,0.0,0.0,0.0,0.0,0.0,0.0,0.0,0.0,0.0,0.0,0.0,,,,,,,,,,
A7USTT4KU1ZBO,ns,30-1,30.0,1000.0,0.4583333333333333,0.0,0.0,0.0,0.0,0.08333333333333333,0.0,0.375,0.0,0.0,0.0,0.0,0.0,0.0,0.0,0.0,0.0,0.0,0.0,0.0,0.08333333333333333,0.0,0.0,0.0,0.0,0.0,0.0,0.0,0.0,0.0,0.0,,,,,,,,,,
AB5WBMZGLX57B,ns,30-1,30.0,1000.0,0.3020833333333333,0.08333333333333333,0.0,0.041666666666666664,0.041666666666666664,0.0,0.0,0.0,0.0,0.0,0.0,0.0,0.0,0.0,0.0,0.125,0.0,0.0,0.0,0.0,0.0,0.0,0.0,0.0,0.0,0.03125,0.03125,0.0,0.10416666666666666,0.15625,0.08333333333333333,,,,,,,,,,
ACBROX4H8BSW3,rec,30-1,30.0,1000.0,0.0,0.0,0.0,0.0,0.0,0.0,0.0,0.0,0.0,0.0,0.0,0.0,0.0,0.0,0.0,0.0,0.0,0.0,0.0,0.0,0.0,0.0,0.0,0.0,0.0,0.0,0.0,0.0,0.0,1.0,0.0,,,,,,,,,,
ADJ9I7ZBFYFH7,rec,30-1,30.0,1000.0,,,,,,,,,,,,,,,,,,,,,,,,,,,,,,,,,,,,,,,,,
AGILQEFEPEK7N,ns,30-1,30.0,1000.0,0.5,0.0,0.5,0.0,0.0,0.0,0.0,0.0,0.0,0.0,0.0,0.0,0.0,0.0,0.0,0.0,0.0,0.0,0.0,0.0,0.0,0.0,0.0,0.0,0.0,0.0,0.0,0.0,0.0,0.0,0.0,,,,,,,,,,
AH7HACNNRSIPO,ns,30-1,30.0,1000.0,0.0,0.0,0.0,0.0,0.3333333333333333,0.0,0.0,0.0,0.3333333333333333,0.0,0.0,0.0,0.0,0.0,0.0,0.3333333333333333,0.0,0.0,0.0,0.0,0.0,0.0,0.0,0.0,0.0,0.0,0.0,0.0,0.0,0.0,0.0,,,,,,,,,,
AIDU49N2KO05N,ns,30-1,30.0,1000.0,0.5277777777777778,0.0,0.0,0.0,0.0,0.0,0.0,0.0,0.0,0.0,0.0,0.0,0.08333333333333333,0.13888888888888887,0.0,0.0,0.0,0.0,0.0,0.0,0.0,0.08333333333333333,0.0,0.0,0.05555555555555555,0.0,0.0,0.0,0.05555555555555555,0.05555555555555555,0.0,,,,,,,,,,
AJUVX0E4OPTAO,prim,30-1,30.0,1000.0,0.29583333333333334,0.0,0.22499999999999998,0.2,0.13333333333333333,0.0,0.0,0.0,0.0625,0.08333333333333333,0.0,0.0,0.0,0.0,0.0,0.0,0.0,0.0,0.0,0.0,0.0,0.0,0.0,0.0,0.0,0.0,0.0,0.0,0.0,0.0,0.0,,,,,,,,,,
AK3GAHRZ6M6WM,rec,30-1,30.0,1000.0,0.41666666666666663,0.25,0.08333333333333333,0.0,0.0,0.08333333333333333,0.0,0.0,0.0,0.0,0.0,0.0,0.0,0.0,0.0,0.16666666666666666,0.0,0.0,0.0,0.0,0.0,0.0,0.0,0.0,0.0,0.0,0.0,0.0,0.0,0.0,0.0,,,,,,,,,,
AKE4AYF86KJVU,rec,30-1,30.0,1000.0,0.0,0.0,0.0,0.0,0.0,0.0,0.0,0.0,0.0,0.0,0.0,0.0,0.0,0.0,0.0,0.0,0.0,0.0,0.0,0.0,0.0,0.0,0.0,0.0,0.0,0.0,0.0,0.0,0.16666666666666666,0.16666666666666666,0.6666666666666666,,,,,,,,,,
AKNBC1TE88NDO,rec,30-1,30.0,1000.0,0.0,0.5,0.0,0.0,0.0,0.0,0.0,0.0,0.0,0.0,0.0,0.0,0.0,0.0,0.0,0.0,0.0,0.0,0.0,0.0,0.0,0.0,0.0,0.0,0.0,0.0,0.0,0.5,0.0,0.0,0.0,,,,,,,,,,
AKX4H8RT7BL7H,rec,30-1,30.0,1000.0,,,,,,,,,,,,,,,,,,,,,,,,,,,,,,,,,,,,,,,,,
AOYDGVOZUIHII,prim,30-1,30.0,1000.0,0.4375,0.0625,0.0625,0.0,0.0625,0.0,0.125,0.0,0.0,0.0,0.0,0.0,0.25,0.0,0.0,0.0,0.0,0.0,0.0,0.0,0.0,0.0,0.0,0.0,0.0,0.0,0.0,0.0,0.0,0.0,0.0,,,,,,,,,,
AP4B1GJIT3HYF,ns,30-1,30.0,1000.0,0.25,0.0,0.125,0.0,0.0,0.0,0.125,0.0,0.0,0.125,0.0,0.0,0.0,0.0,0.0,0.0,0.0,0.0,0.0,0.0,0.0,0.0,0.0,0.0,0.0,0.08333333333333333,0.0,0.16666666666666666,0.125,0.0,0.0,,,,,,,,,,
AXFH1DT8PR0K2,prim,30-1,30.0,1000.0,0.41666666666666663,0.0,0.16666666666666666,0.16666666666666666,0.0,0.25,0.0,0.0,0.0,0.0,0.0,0.0,0.0,0.0,0.0,0.0,0.0,0.0,0.0,0.0,0.0,0.0,0.0,0.0,0.0,0.0,0.0,0.0,0.0,0.0,0.0,,,,,,,,,,
AXFP50XOZD2NI,rec,30-1,30.0,1000.0,0.0,0.0,0.0,0.0,0.0,0.0,0.0,0.0,0.0,0.0,0.0,0.0,0.0,0.0,0.0,0.0,0.16666666666666666,0.16666666666666666,0.0,0.16666666666666666,0.0,0.0,0.0,0.0,0.0,0.5,0.0,0.0,0.0,0.0,0.0,,,,,,,,,,
A12LX24NC3FP2U,ns,20-2,20.0,2000.0,0.16666666666666666,0.0,0.41666666666666663,0.0,0.25,0.0,0.0,0.0,0.0,0.0,0.0,0.0,0.0,0.0,0.0,0.0,0.0,0.0,0.16666666666666666,0.0,0.0,,,,,,,,,,,,,,,,,,,,
A161VPQSXLLV8U,ns,20-2,20.0,2000.0,0.1111111111111111,0.3333333333333333,0.1111111111111111,0.0,0.0,0.0,0.0,0.0,0.0,0.0,0.0,0.0,0.0,0.0,0.0,0.0,0.0,0.0,0.1111111111111111,0.3333333333333333,0.0,,,,,,,,,,,,,,,,,,,,
A166P9BSWIFF32,prim,20-2,20.0,2000.0,0.3333333333333333,0.0,0.5,0.16666666666666666,0.0,0.0,0.0,0.0,0.0,0.0,0.0,0.0,0.0,0.0,0.0,0.0,0.0,0.0,0.0,0.0,0.0,,,,,,,,,,,,,,,,,,,,
A17IPELR5NC2LZ,prim,20-2,20.0,2000.0,0.3111111111111111,0.0,0.17777777777777778,0.4444444444444444,0.0,0.06666666666666667,0.0,0.0,0.0,0.0,0.0,0.0,0.0,0.0,0.0,0.0,0.0,0.0,0.0,0.0,0.0,,,,,,,,,,,,,,,,,,,,
A17TMQWTCJVOV5,rec,20-2,20.0,2000.0,0.3333333333333333,0.0,0.0,0.0,0.3333333333333333,0.0,0.0,0.0,0.0,0.0,0.0,0.0,0.0,0.0,0.0,0.0,0.0,0.0,0.0,0.3333333333333333,0.0,,,,,,,,,,,,,,,,,,,,
A1CB9NR3SN4VMY,prim,20-2,20.0,2000.0,0.0,0.0,0.375,0.375,0.0,0.0,0.0,0.0,0.0,0.0,0.0,0.0,0.0,0.0,0.0,0.0,0.0,0.0,0.0,0.0,0.25,,,,,,,,,,,,,,,,,,,,
A1FM638CHGPC1M,ns,20-2,20.0,2000.0,0.2833333333333333,0.08333333333333333,0.15000000000000002,0.1,0.0,0.0,0.0,0.0,0.0,0.0,0.0,0.0,0.05,0.0,0.0,0.0,0.25,0.08333333333333333,0.0,0.0,0.0,,,,,,,,,,,,,,,,,,,,
A1HENLDLQEO5BZ,prim,20-2,20.0,2000.0,0.25,0.0,0.41666666666666663,0.3333333333333333,0.0,0.0,0.0,0.0,0.0,0.0,0.0,0.0,0.0,0.0,0.0,0.0,0.0,0.0,0.0,0.0,0.0,,,,,,,,,,,,,,,,,,,,
A1J39RAV7TKEMF,ns,20-2,20.0,2000.0,0.5416666666666666,0.0,0.0,0.125,0.0,0.0,0.0,0.08333333333333333,0.0,0.0,0.08333333333333333,0.0,0.08333333333333333,0.0,0.0,0.08333333333333333,0.0,0.0,0.0,0.0,0.0,,,,,,,,,,,,,,,,,,,,
A1JL3HCA0MK9UI,prim,20-2,20.0,2000.0,0.49642857142857144,0.0,0.14821428571428572,0.12142857142857143,0.08571428571428572,0.08571428571428572,0.0,0.0,0.0,0.0,0.0,0.0,0.0,0.0,0.0,0.0,0.0,0.0,0.0,0.0,0.0625,,,,,,,,,,,,,,,,,,,,
A1L5A88C9PPK5L,prim,20-2,20.0,2000.0,0.3333333333333333,0.0,0.5,0.16666666666666666,0.0,0.0,0.0,0.0,0.0,0.0,0.0,0.0,0.0,0.0,0.0,0.0,0.0,0.0,0.0,0.0,0.0,,,,,,,,,,,,,,,,,,,,
A1LA6CIGBNDOH9,rec,20-2,20.0,2000.0,,,,,,,,,,,,,,,,,,,,,,,,,,,,,,,,,,,,,,,,,
A1MD74JPL7E9PK,prim,20-2,20.0,2000.0,0.0,0.0,1.0,0.0,0.0,0.0,0.0,0.0,0.0,0.0,0.0,0.0,0.0,0.0,0.0,0.0,0.0,0.0,0.0,0.0,0.0,,,,,,,,,,,,,,,,,,,,
A1O0K8V58YRL4A,ns,20-2,20.0,2000.0,0.18888888888888888,0.0,0.05555555555555555,0.0,0.0,0.05555555555555555,0.06666666666666667,0.0,0.08333333333333333,0.0,0.0,0.0,0.08333333333333333,0.0,0.0,0.05555555555555555,0.0,0.06666666666666667,0.20555555555555557,0.05555555555555555,0.08333333333333333,,,,,,,,,,,,,,,,,,,,
A1PTX4IB9R34LI,rec,20-2,20.0,2000.0,0.75,0.0,0.0,0.0,0.0,0.0,0.0,0.25,0.0,0.0,0.0,0.0,0.0,0.0,0.0,0.0,0.0,0.0,0.0,0.0,0.0,,,,,,,,,,,,,,,,,,,,
A1S2EXYEG5I8HW,rec,20-2,20.0,2000.0,,,,,,,,,,,,,,,,,,,,,,,,,,,,,,,,,,,,,,,,,
A1SJLXB0XFCJ97,prim,20-2,20.0,2000.0,0.3125,0.125,0.3875,0.05,0.0,0.0,0.0,0.0,0.0,0.0,0.0,0.0,0.0,0.0,0.0,0.0,0.0,0.0,0.0,0.0,0.125,,,,,,,,,,,,,,,,,,,,
A1TPGXT718D68E,rec,20-2,20.0,2000.0,0.0,0.0,0.0,0.0,0.0,0.0,0.0,0.0,0.0,0.0,0.0,0.0,0.0,0.0,0.0,0.0,0.0,0.0,0.0,0.5,0.5,,,,,,,,,,,,,,,,,,,,
A1TVWMWE03AWAW,rec,20-2,20.0,2000.0,0.3958333333333333,0.0,0.1,0.0,0.025,0.0,0.0,0.0,0.0,0.0625,0.0,0.0,0.0,0.0,0.0,0.0,0.0,0.125,0.14583333333333331,0.08333333333333333,0.0625,,,,,,,,,,,,,,,,,,,,
A1VEOI1H4AE1T3,prim,20-2,20.0,2000.0,0.2222222222222222,0.3333333333333333,0.1111111111111111,0.0,0.0,0.0,0.0,0.0,0.0,0.0,0.0,0.0,0.0,0.0,0.0,0.0,0.0,0.0,0.0,0.25,0.08333333333333333,,,,,,,,,,,,,,,,,,,,
A1WT2CM71Z9MP3,prim,20-2,20.0,2000.0,0.09375,0.0,0.25,0.08333333333333333,0.08333333333333333,0.0,0.375,0.0,0.0,0.0,0.0,0.03125,0.0,0.0,0.0,0.0,0.0,0.0,0.08333333333333333,0.0,0.0,,,,,,,,,,,,,,,,,,,,
A20YXCVKHSTSPC,prim,20-2,20.0,2000.0,,,,,,,,,,,,,,,,,,,,,,,,,,,,,,,,,,,,,,,,,
A2147HO7VBGJCU,prim,20-2,20.0,2000.0,0.1,0.0,0.35,0.35,0.2,0.0,0.0,0.0,0.0,0.0,0.0,0.0,0.0,0.0,0.0,0.0,0.0,0.0,0.0,0.0,0.0,,,,,,,,,,,,,,,,,,,,
A248QG4DPULP46,ns,20-2,20.0,2000.0,0.5,0.0,0.0,0.0,0.0,0.0,0.0,0.0,0.0,0.0,0.0,0.0,0.0,0.0,0.0,0.0,0.0,0.5,0.0,0.0,0.0,,,,,,,,,,,,,,,,,,,,
A25S9Y5DZ9OR16,prim,20-2,20.0,2000.0,0.3333333333333333,0.0,0.0,0.16666666666666666,0.08333333333333333,0.20833333333333331,0.0,0.08333333333333333,0.0,0.0,0.0,0.0,0.0,0.0,0.0,0.0,0.0,0.0,0.0,0.0,0.125,,,,,,,,,,,,,,,,,,,,
A25VK411P03A5T,rec,20-2,20.0,2000.0,0.20833333333333331,0.0,0.25,0.0,0.0,0.0,0.0,0.0,0.0,0.0,0.0,0.0,0.0,0.0,0.0,0.0,0.0,0.0,0.20833333333333331,0.3333333333333333,0.0,,,,,,,,,,,,,,,,,,,,
A289D98Z4GAZ28,prim,20-2,20.0,2000.0,0.0,0.5,0.0,0.0,0.5,0.0,0.0,0.0,0.0,0.0,0.0,0.0,0.0,0.0,0.0,0.0,0.0,0.0,0.0,0.0,0.0,,,,,,,,,,,,,,,,,,,,
A2BTEQA95MCIHU,prim,20-2,20.0,2000.0,0.5694444444444444,0.0,0.125,0.041666666666666664,0.1597222222222222,0.0625,0.041666666666666664,0.0,0.0,0.0,0.0,0.0,0.0,0.0,0.0,0.0,0.0,0.0,0.0,0.0,0.0,,,,,,,,,,,,,,,,,,,,
A2E8PL8ZWIZVJ0,prim,20-2,20.0,2000.0,0.16666666666666666,0.0,0.4895833333333333,0.3020833333333333,0.0,0.041666666666666664,0.0,0.0,0.0,0.0,0.0,0.0,0.0,0.0,0.0,0.0,0.0,0.0,0.0,0.0,0.0,,,,,,,,,,,,,,,,,,,,
A2I6HVUDBTGD1,prim,20-2,20.0,2000.0,0.1111111111111111,0.0,0.1111111111111111,0.5,0.16666666666666666,0.0,0.1111111111111111,0.0,0.0,0.0,0.0,0.0,0.0,0.0,0.0,0.0,0.0,0.0,0.0,0.0,0.0,,,,,,,,,,,,,,,,,,,,
A2KHR0GTA0DBWI,rec,20-2,20.0,2000.0,0.25,0.0,0.0,0.0,0.0,0.0,0.0,0.0,0.0,0.0,0.0,0.0,0.0,0.0,0.0,0.0,0.0,0.5,0.0,0.25,0.0,,,,,,,,,,,,,,,,,,,,
A2KT30RCVX67ZS,prim,20-2,20.0,2000.0,0.6404761904761904,0.0,0.26825396825396824,0.09126984126984126,0.0,0.0,0.0,0.0,0.0,0.0,0.0,0.0,0.0,0.0,0.0,0.0,0.0,0.0,0.0,0.0,0.0,,,,,,,,,,,,,,,,,,,,
A2MMGDAA7JJKIE,prim,20-2,20.0,2000.0,0.36190476190476195,0.0,0.41309523809523807,0.175,0.0,0.0,0.05,0.0,0.0,0.0,0.0,0.0,0.0,0.0,0.0,0.0,0.0,0.0,0.0,0.0,0.0,,,,,,,,,,,,,,,,,,,,
A2MOKIEQZ0OF2M,prim,20-2,20.0,2000.0,0.0,0.0,0.75,0.25,0.0,0.0,0.0,0.0,0.0,0.0,0.0,0.0,0.0,0.0,0.0,0.0,0.0,0.0,0.0,0.0,0.0,,,,,,,,,,,,,,,,,,,,
A2NZ783AY1LBPW,prim,20-2,20.0,2000.0,0.25,0.25,0.5,0.0,0.0,0.0,0.0,0.0,0.0,0.0,0.0,0.0,0.0,0.0,0.0,0.0,0.0,0.0,0.0,0.0,0.0,,,,,,,,,,,,,,,,,,,,
A2NZAL7KHOR6VF,rec,20-2,20.0,2000.0,0.0,0.0,0.0,0.0,0.0,0.0,0.0,0.0,0.0,0.0,0.0,0.0,0.0,0.0,0.0,0.0,0.0,0.0,0.0,1.0,0.0,,,,,,,,,,,,,,,,,,,,
A2OOS7IXSKJFFI,ns,20-2,20.0,2000.0,0.5,0.0,0.0,0.16666666666666666,0.08333333333333333,0.16666666666666666,0.0,0.0,0.0,0.0,0.0,0.0,0.0,0.0,0.0,0.0,0.0,0.0,0.0,0.0,0.08333333333333333,,,,,,,,,,,,,,,,,,,,
A2P2YEHX1FXD20,rec,20-2,20.0,2000.0,0.6107142857142857,0.0,0.15,0.06666666666666667,0.0,0.0,0.0,0.0,0.0,0.0,0.0,0.0,0.0,0.0,0.0,0.0,0.0,0.0,0.08928571428571429,0.08333333333333333,0.0,,,,,,,,,,,,,,,,,,,,
A2QHI85LQPJZYP,prim,20-2,20.0,2000.0,0.3833333333333333,0.0,0.3333333333333333,0.06666666666666667,0.06666666666666667,0.08333333333333333,0.0,0.06666666666666667,0.0,0.0,0.0,0.0,0.0,0.0,0.0,0.0,0.0,0.0,0.0,0.0,0.0,,,,,,,,,,,,,,,,,,,,
A2SSY7MHPDQVUS,prim,20-2,20.0,2000.0,0.0,0.0,0.5,0.5,0.0,0.0,0.0,0.0,0.0,0.0,0.0,0.0,0.0,0.0,0.0,0.0,0.0,0.0,0.0,0.0,0.0,,,,,,,,,,,,,,,,,,,,
A2UX2W49R55PH4,prim,20-2,20.0,2000.0,0.5770833333333333,0.0,0.19791666666666666,0.0625,0.1,0.03125,0.0,0.0,0.03125,0.0,0.0,0.0,0.0,0.0,0.0,0.0,0.0,0.0,0.0,0.0,0.0,,,,,,,,,,,,,,,,,,,,
A2VIKCIM9TZL22,rec,20-2,20.0,2000.0,0.0,0.0,0.0,0.0,0.0,0.0,0.0,0.0,0.0,0.0,0.0,0.0,0.0,0.0,0.0,0.0,0.0,0.0,1.0,0.0,0.0,,,,,,,,,,,,,,,,,,,,
A2XGHLVP2C1FVA,ns,20-2,20.0,2000.0,0.0,0.0,0.16666666666666666,0.0,0.5,0.0,0.0,0.0,0.0,0.0,0.0,0.3333333333333333,0.0,0.0,0.0,0.0,0.0,0.0,0.0,0.0,0.0,,,,,,,,,,,,,,,,,,,,
A2XVLOZY7FJCC2,rec,20-2,20.0,2000.0,0.0,0.0,0.0,0.0,0.0,0.0,0.19444444444444442,0.0,0.0,0.08333333333333333,0.0,0.0,0.19444444444444442,0.0,0.13333333333333333,0.0,0.06666666666666667,0.24444444444444446,0.0,0.08333333333333333,0.0,,,,,,,,,,,,,,,,,,,,
A2ZVBFH732LYXQ,prim,20-2,20.0,2000.0,0.375,0.0,0.625,0.0,0.0,0.0,0.0,0.0,0.0,0.0,0.0,0.0,0.0,0.0,0.0,0.0,0.0,0.0,0.0,0.0,0.0,,,,,,,,,,,,,,,,,,,,
A304UJAE051J89,rec,20-2,20.0,2000.0,0.0,0.0,0.0,0.0,0.0,0.0,0.0,0.0,0.0,0.0,0.0,0.0,0.0,0.0,0.0,0.0,0.0,0.0,0.0,1.0,0.0,,,,,,,,,,,,,,,,,,,,
A312HQ3OU0EYTB,rec,20-2,20.0,2000.0,0.0,0.0,0.0,0.0,0.0,0.0,0.0,0.0,0.0,0.0,0.0,0.0,0.0,0.0,0.0,0.0,0.0,0.0,1.0,0.0,0.0,,,,,,,,,,,,,,,,,,,,
A35S8HPY0V445,ns,20-2,20.0,2000.0,0.5,0.0,0.125,0.041666666666666664,0.0,0.041666666666666664,0.041666666666666664,0.0,0.0,0.0,0.0,0.25,0.0,0.0,0.0,0.0,0.0,0.0,0.0,0.0,0.0,,,,,,,,,,,,,,,,,,,,
A37GOI3N77WX21,ns,20-2,20.0,2000.0,,,,,,,,,,,,,,,,,,,,,,,,,,,,,,,,,,,,,,,,,
A389UA2GRCJ6,prim,20-2,20.0,2000.0,0.2708333333333333,0.0,0.0625,0.0625,0.29166666666666663,0.0,0.22916666666666666,0.08333333333333333,0.0,0.0,0.0,0.0,0.0,0.0,0.0,0.0,0.0,0.0,0.0,0.0,0.0,,,,,,,,,,,,,,,,,,,,
A3A7XOKH39SYOI,prim,20-2,20.0,2000.0,0.21250000000000002,0.0,0.29583333333333334,0.15000000000000002,0.175,0.08333333333333333,0.0,0.08333333333333333,0.0,0.0,0.0,0.0,0.0,0.0,0.0,0.0,0.0,0.0,0.0,0.0,0.0,,,,,,,,,,,,,,,,,,,,
A3B0CMCBWAND7,rec,20-2,20.0,2000.0,0.0,0.0,0.0,0.0,0.0,0.0,0.0,0.0,0.0,0.0,0.0,0.0,0.0,0.0,0.0,0.25,0.0,0.0,0.25,0.5,0.0,,,,,,,,,,,,,,,,,,,,
A3C4WGE4SOGM1,ns,20-2,20.0,2000.0,0.225,0.0,0.2791666666666667,0.14583333333333331,0.25,0.05,0.0,0.0,0.0,0.0,0.0,0.0,0.0,0.0,0.0,0.0,0.0,0.0,0.0,0.0,0.05,,,,,,,,,,,,,,,,,,,,
A3CKVVGWBS4NGU,prim,20-2,20.0,2000.0,0.26666666666666666,0.0,0.2833333333333333,0.35,0.05,0.05,0.0,0.0,0.0,0.0,0.0,0.0,0.0,0.0,0.0,0.0,0.0,0.0,0.0,0.0,0.0,,,,,,,,,,,,,,,,,,,,
A3GDVKIN7ZGUG9,rec,20-2,20.0,2000.0,0.43333333333333335,0.0,0.1,0.0,0.16666666666666666,0.0,0.0,0.0,0.0,0.0,0.0,0.0,0.0,0.0,0.0,0.0,0.0,0.0,0.1,0.1,0.1,,,,,,,,,,,,,,,,,,,,
A3HE29W5IDR394,rec,20-2,20.0,2000.0,0.3333333333333333,0.0,0.16666666666666666,0.0,0.0,0.0,0.0,0.0,0.0,0.0,0.0,0.0,0.0,0.0,0.0,0.0,0.0,0.0,0.3333333333333333,0.0,0.16666666666666666,,,,,,,,,,,,,,,,,,,,
A3HYH6OVZQ5MIY,ns,20-2,20.0,2000.0,0.125,0.0,0.25,0.125,0.0,0.0,0.0,0.0,0.0,0.0,0.0,0.0,0.0,0.5,0.0,0.0,0.0,0.0,0.0,0.0,0.0,,,,,,,,,,,,,,,,,,,,
A3I1SGVY37KR4A,ns,20-2,20.0,2000.0,0.0,0.0,0.1111111111111111,0.4444444444444444,0.3333333333333333,0.0,0.0,0.0,0.0,0.0,0.0,0.0,0.0,0.1111111111111111,0.0,0.0,0.0,0.0,0.0,0.0,0.0,,,,,,,,,,,,,,,,,,,,
A3J5HRXH4F64SP,ns,20-2,20.0,2000.0,0.0,0.0,0.0,0.0,1.0,0.0,0.0,0.0,0.0,0.0,0.0,0.0,0.0,0.0,0.0,0.0,0.0,0.0,0.0,0.0,0.0,,,,,,,,,,,,,,,,,,,,
A3LVLZS8S41ZD7,rec,20-2,20.0,2000.0,0.0,0.0,0.0,0.0,0.0,0.0,0.0,0.0,0.0,0.0,0.0,0.0,0.0,0.0,0.0,0.0,0.0,0.0,0.0,1.0,0.0,,,,,,,,,,,,,,,,,,,,
A3LXARU55PR281,ns,20-2,20.0,2000.0,0.3333333333333333,0.0,0.29166666666666663,0.125,0.0,0.0,0.0,0.0,0.125,0.125,0.0,0.0,0.0,0.0,0.0,0.0,0.0,0.0,0.0,0.0,0.0,,,,,,,,,,,,,,,,,,,,
A3TR3KIRG5PCZ8,prim,20-2,20.0,2000.0,0.16666666666666666,0.0,0.0,0.0,0.16666666666666666,0.6666666666666666,0.0,0.0,0.0,0.0,0.0,0.0,0.0,0.0,0.0,0.0,0.0,0.0,0.0,0.0,0.0,,,,,,,,,,,,,,,,,,,,
A3U2A632YWEX7B,prim,20-2,20.0,2000.0,0.3125,0.0,0.25,0.25,0.0625,0.125,0.0,0.0,0.0,0.0,0.0,0.0,0.0,0.0,0.0,0.0,0.0,0.0,0.0,0.0,0.0,,,,,,,,,,,,,,,,,,,,
A3U69MNO1JC7V4,rec,20-2,20.0,2000.0,0.0,0.0,0.0,0.0,0.0,0.0,0.0,0.0,0.0,0.0,0.0,0.0,0.0,0.0,0.0,0.0,0.0,0.25,0.5,0.0,0.25,,,,,,,,,,,,,,,,,,,,
A3UMHUWJKRGKNR,rec,20-2,20.0,2000.0,0.25,0.0,0.0,0.0,0.0,0.0,0.0,0.0,0.0,0.0,0.0,0.0,0.0,0.0,0.0,0.0,0.0,0.0,0.5,0.25,0.0,,,,,,,,,,,,,,,,,,,,
A3VW5PI9ZX9DOD,ns,20-2,20.0,2000.0,0.26515151515151514,0.0,0.17424242424242423,0.07196969696969698,0.08333333333333333,0.0,0.0,0.196969696969697,0.041666666666666664,0.0,0.0,0.0,0.0,0.0,0.0,0.0,0.0,0.0,0.0,0.16666666666666666,0.0,,,,,,,,,,,,,,,,,,,,
A4HWADFPGP45G,ns,20-2,20.0,2000.0,0.275,0.05,0.44999999999999996,0.1,0.0,0.0,0.0,0.0,0.0,0.125,0.0,0.0,0.0,0.0,0.0,0.0,0.0,0.0,0.0,0.0,0.0,,,,,,,,,,,,,,,,,,,,
AFRKVRPZ2RHY8,rec,20-2,20.0,2000.0,,,,,,,,,,,,,,,,,,,,,,,,,,,,,,,,,,,,,,,,,
AHZCC2V399WUN,ns,20-2,20.0,2000.0,0.16666666666666666,0.0,0.5,0.0,0.0,0.3333333333333333,0.0,0.0,0.0,0.0,0.0,0.0,0.0,0.0,0.0,0.0,0.0,0.0,0.0,0.0,0.0,,,,,,,,,,,,,,,,,,,,
AJABAPM32ETMN,rec,20-2,20.0,2000.0,0.0,0.0,0.0,0.0,0.0,0.5,0.0,0.0,0.0,0.0,0.0,0.0,0.0,0.0,0.0,0.0,0.0,0.0,0.0,0.0,0.5,,,,,,,,,,,,,,,,,,,,
AK1EF4NACR1UJ,prim,20-2,20.0,2000.0,0.21666666666666667,0.0,0.5833333333333333,0.0,0.0,0.0,0.0,0.0,0.0,0.0,0.0,0.0,0.0,0.0,0.0,0.0,0.05,0.0,0.0,0.15,0.0,,,,,,,,,,,,,,,,,,,,
AKIT35WR8HEQ3,prim,20-2,20.0,2000.0,0.16666666666666666,0.0,0.16666666666666666,0.0,0.0,0.0,0.0,0.0,0.0,0.0,0.0,0.0,0.0,0.1111111111111111,0.2222222222222222,0.0,0.0,0.16666666666666666,0.16666666666666666,0.0,0.0,,,,,,,,,,,,,,,,,,,,
AP9WIQ4P78XLH,rec,20-2,20.0,2000.0,,,,,,,,,,,,,,,,,,,,,,,,,,,,,,,,,,,,,,,,,
AR9AU5FY1S3RO,rec,20-2,20.0,2000.0,,,,,,,,,,,,,,,,,,,,,,,,,,,,,,,,,,,,,,,,,
AXCDKBG1R43GE,ns,20-2,20.0,2000.0,0.5,0.0,0.0,0.0,0.0,0.0,0.125,0.0,0.0,0.0,0.0,0.0,0.0,0.0,0.0,0.0,0.125,0.25,0.0,0.0,0.0,,,,,,,,,,,,,,,,,,,,
A102WSFN62OS6I,ns,40-1,40.0,1000.0,0.0,0.3333333333333333,0.0,0.16666666666666666,0.0,0.16666666666666666,0.0,0.0,0.0,0.0,0.0,0.0,0.0,0.0,0.0,0.0,0.0,0.0,0.0,0.0,0.0,0.0,0.0,0.0,0.0,0.0,0.0,0.0,0.0,0.0,0.0,0.0,0.0,0.0,0.0,0.0,0.0,0.3333333333333333,0.0,0.0,0.0
A13WTEQ06V3B6D,rec,40-1,40.0,1000.0,0.0,0.0,0.0,0.0,0.0,0.0,0.0,0.0,0.0,0.0,0.0,0.0,0.0,0.0,0.0,0.0,0.0,0.0,0.0,0.0,0.0,0.0,0.0,0.0,0.0,0.0,0.0,0.0,0.0,0.0,0.0,0.0,0.5,0.0,0.0,0.0,0.0,0.0,0.0,0.5,0.0
A178HXQENEAI65,rec,40-1,40.0,1000.0,0.27777777777777773,0.0,0.08333333333333333,0.1111111111111111,0.0,0.16666666666666666,0.0,0.0,0.08333333333333333,0.0,0.0,0.0,0.0,0.0,0.0,0.0,0.0,0.0,0.0,0.0,0.0,0.0,0.0,0.0,0.0,0.0,0.0,0.0,0.0,0.0,0.0,0.0,0.0,0.0,0.0,0.0,0.27777777777777773,0.0,0.0,0.0,0.0
A1BLHM2IDH7DH4,prim,40-1,40.0,1000.0,0.375,0.0,0.25,0.125,0.125,0.125,0.0,0.0,0.0,0.0,0.0,0.0,0.0,0.0,0.0,0.0,0.0,0.0,0.0,0.0,0.0,0.0,0.0,0.0,0.0,0.0,0.0,0.0,0.0,0.0,0.0,0.0,0.0,0.0,0.0,0.0,0.0,0.0,0.0,0.0,0.0
A1DJB12ZI46GPX,prim,40-1,40.0,1000.0,0.35833333333333334,0.0,0.175,0.13333333333333333,0.08333333333333333,0.0,0.041666666666666664,0.08333333333333333,0.0,0.0,0.08333333333333333,0.0,0.041666666666666664,0.0,0.0,0.0,0.0,0.0,0.0,0.0,0.0,0.0,0.0,0.0,0.0,0.0,0.0,0.0,0.0,0.0,0.0,0.0,0.0,0.0,0.0,0.0,0.0,0.0,0.0,0.0,0.0
A1DZMZTXWOM9MR,rec,40-1,40.0,1000.0,0.0,0.0,0.0,0.0,0.0,0.0,0.0,0.0,0.0,0.0,0.0,0.0,0.0,0.0,0.0,0.0,0.0,0.0,0.0,0.0,0.0,0.0,0.0,0.0,0.0,0.0,0.0,0.0,0.0,0.0,0.0,0.0,0.0,0.0,0.0,0.0,0.0,0.0,0.0,0.0,1.0
A1EU59VMI8GL4K,rec,40-1,40.0,1000.0,0.0,0.0,0.0,0.0,0.0,0.0,0.0,0.0,0.0,0.0,0.0,0.0,0.0,0.0,0.0,0.0,0.0,0.0,0.0,0.0,0.0,0.0,0.0,0.0,0.0,0.0,0.0,0.0,0.0,0.0,0.0,0.0,0.0,0.0,0.0,0.0,0.0,0.0,0.0,0.0,1.0
A1F0VEHWK3IAF4,ns,40-1,40.0,1000.0,0.2833333333333333,0.0,0.0,0.125,0.175,0.0625,0.0,0.08333333333333333,0.0,0.0,0.0,0.0,0.08333333333333333,0.0,0.0,0.0625,0.0,0.0,0.0,0.0,0.0,0.0,0.0,0.0,0.0,0.0,0.0,0.0,0.0,0.0625,0.0,0.0625,0.0,0.0,0.0,0.0,0.0,0.0,0.0,0.0,0.0
A1HGWCCIWP7AO0,ns,40-1,40.0,1000.0,0.4444444444444444,0.0,0.0,0.0,0.0,0.1111111111111111,0.0,0.0,0.0,0.0,0.0,0.0,0.0,0.0,0.0,0.0,0.0,0.0,0.0,0.0,0.0,0.0,0.0,0.0,0.0,0.0,0.0,0.0,0.0,0.0,0.0,0.0,0.0,0.0,0.0,0.3333333333333333,0.1111111111111111,0.0,0.0,0.0,0.0
A1IL5P5H5VRW0D,prim,40-1,40.0,1000.0,0.47916666666666663,0.0,0.08333333333333333,0.0625,0.0625,0.0,0.0625,0.0,0.25,0.0,0.0,0.0,0.0,0.0,0.0,0.0,0.0,0.0,0.0,0.0,0.0,0.0,0.0,0.0,0.0,0.0,0.0,0.0,0.0,0.0,0.0,0.0,0.0,0.0,0.0,0.0,0.0,0.0,0.0,0.0,0.0
A1J5OW12TRQSOW,ns,40-1,40.0,1000.0,0.3333333333333333,0.0,0.0,0.3333333333333333,0.0,0.0,0.0,0.0,0.0,0.0,0.0,0.0,0.0,0.0,0.0,0.0,0.0,0.0,0.0,0.0,0.0,0.0,0.0,0.0,0.0,0.0,0.0,0.0,0.0,0.0,0.0,0.0,0.0,0.0,0.3333333333333333,0.0,0.0,0.0,0.0,0.0,0.0
A1KCSGTT6Y26LH,prim,40-1,40.0,1000.0,0.31547619047619047,0.0,0.10833333333333334,0.12142857142857143,0.0,0.07738095238095238,0.060714285714285714,0.0,0.0,0.0,0.0,0.025,0.0,0.0,0.0,0.041666666666666664,0.0,0.0,0.0,0.0,0.0,0.0,0.25,0.0,0.0,0.0,0.0,0.0,0.0,0.0,0.0,0.0,0.0,0.0,0.0,0.0,0.0,0.0,0.0,0.0,0.0
A1RQ8PX7A0CH3C,rec,40-1,40.0,1000.0,0.16666666666666666,0.125,0.041666666666666664,0.0,0.0,0.0,0.041666666666666664,0.0,0.0625,0.0,0.0,0.0,0.0,0.0,0.0,0.0,0.0,0.0,0.0,0.0,0.0,0.0,0.0,0.0,0.0,0.0,0.041666666666666664,0.0,0.0,0.0,0.0,0.041666666666666664,0.0,0.0625,0.041666666666666664,0.0,0.0625,0.0,0.0,0.1875,0.125
A1RY1N37JYUHBU,prim,40-1,40.0,1000.0,0.7222222222222222,0.0,0.16666666666666666,0.0,0.1111111111111111,0.0,0.0,0.0,0.0,0.0,0.0,0.0,0.0,0.0,0.0,0.0,0.0,0.0,0.0,0.0,0.0,0.0,0.0,0.0,0.0,0.0,0.0,0.0,0.0,0.0,0.0,0.0,0.0,0.0,0.0,0.0,0.0,0.0,0.0,0.0,0.0
A1S54RQW9FDK0X,ns,40-1,40.0,1000.0,0.25,0.0,0.0,0.25,0.0,0.25,0.0,0.0,0.0,0.0,0.0,0.0,0.0,0.25,0.0,0.0,0.0,0.0,0.0,0.0,0.0,0.0,0.0,0.0,0.0,0.0,0.0,0.0,0.0,0.0,0.0,0.0,0.0,0.0,0.0,0.0,0.0,0.0,0.0,0.0,0.0
A1TG34GJ1WTN0C,prim,40-1,40.0,1000.0,0.22916666666666663,0.08333333333333333,0.041666666666666664,0.1875,0.10416666666666666,0.125,0.0,0.0,0.0,0.125,0.0,0.0,0.0,0.0,0.0,0.0,0.0,0.0,0.0,0.0,0.0,0.0,0.0,0.0,0.0,0.0,0.0,0.0,0.0,0.0,0.0,0.0,0.0,0.0,0.0,0.0,0.0,0.041666666666666664,0.0,0.0625,0.0
A1UH6A625GF5MD,prim,40-1,40.0,1000.0,0.20833333333333331,0.0,0.41666666666666663,0.125,0.25,0.0,0.0,0.0,0.0,0.0,0.0,0.0,0.0,0.0,0.0,0.0,0.0,0.0,0.0,0.0,0.0,0.0,0.0,0.0,0.0,0.0,0.0,0.0,0.0,0.0,0.0,0.0,0.0,0.0,0.0,0.0,0.0,0.0,0.0,0.0,0.0
A1VHK9OFD7H8ZH,rec,40-1,40.0,1000.0,0.0,0.0,0.0,0.0,0.0,0.0,0.0,0.0,0.0,0.0,0.0,0.0,0.0,0.0,0.0,0.0,0.0,0.0,0.0,0.0,0.0,0.0,0.0,0.0,0.0,0.0,0.0,0.0,0.0,0.0,0.0,0.0,0.0,0.0,0.0,0.0,0.0,0.16666666666666666,0.0,0.3333333333333333,0.5
A1ZLLYRW6GIVC7,rec,40-1,40.0,1000.0,0.0,0.0,0.0,0.0,0.0,0.0,0.0,0.0,0.0,0.0,0.0,0.0,0.0,0.0,0.0,0.0,0.0,0.0,0.0,0.0,0.0,0.0,0.0,0.0,0.0,0.0,0.0,0.0,0.0,0.0,0.0,0.0,0.0,0.0,0.0,0.0,0.0,0.0,0.0,1.0,0.0
A20GJP9C5KC2ZU,ns,40-1,40.0,1000.0,0.16666666666666666,0.0,0.0,0.16666666666666666,0.16666666666666666,0.0,0.0,0.0,0.0,0.0,0.0,0.16666666666666666,0.0,0.16666666666666666,0.0,0.0,0.0,0.0,0.0,0.0,0.16666666666666666,0.0,0.0,0.0,0.0,0.0,0.0,0.0,0.0,0.0,0.0,0.0,0.0,0.0,0.0,0.0,0.0,0.0,0.0,0.0,0.0
A23W5HVE02LM0E,prim,40-1,40.0,1000.0,0.2708333333333333,0.0,0.3333333333333333,0.14583333333333331,0.05,0.0,0.05,0.0,0.0,0.05,0.0,0.05,0.0,0.0,0.0,0.0,0.0,0.0,0.0,0.0,0.0,0.0,0.0,0.0,0.0,0.0,0.0,0.0,0.0,0.0,0.0,0.0,0.0,0.0,0.0,0.0,0.05,0.0,0.0,0.0,0.0
A2541C8MY0BYV3,rec,40-1,40.0,1000.0,0.0,0.0,0.0,0.0,0.0,0.0,0.0,0.0,0.0,0.0,0.0,0.0,0.0,0.0,0.0,0.0,0.0,0.0,0.0,0.0,0.0,0.0,0.0,0.0,0.0,0.0,0.0,0.0,0.0,0.0,0.0,0.0,0.0,0.0,0.0,0.0,0.0,0.0,0.0,0.6666666666666666,0.3333333333333333
A271830PNYAI2G,rec,40-1,40.0,1000.0,0.5,0.0,0.5,0.0,0.0,0.0,0.0,0.0,0.0,0.0,0.0,0.0,0.0,0.0,0.0,0.0,0.0,0.0,0.0,0.0,0.0,0.0,0.0,0.0,0.0,0.0,0.0,0.0,0.0,0.0,0.0,0.0,0.0,0.0,0.0,0.0,0.0,0.0,0.0,0.0,0.0
A29JQ7VMQ1HKYP,ns,40-1,40.0,1000.0,0.2222222222222222,0.1111111111111111,0.3333333333333333,0.0,0.16666666666666666,0.0,0.0,0.0,0.0,0.0,0.0,0.0,0.16666666666666666,0.0,0.0,0.0,0.0,0.0,0.0,0.0,0.0,0.0,0.0,0.0,0.0,0.0,0.0,0.0,0.0,0.0,0.0,0.0,0.0,0.0,0.0,0.0,0.0,0.0,0.0,0.0,0.0
A2GUPBBFPPSXYR,prim,40-1,40.0,1000.0,0.3333333333333333,0.0,0.0,0.0,0.3333333333333333,0.0,0.0,0.0,0.0,0.0,0.3333333333333333,0.0,0.0,0.0,0.0,0.0,0.0,0.0,0.0,0.0,0.0,0.0,0.0,0.0,0.0,0.0,0.0,0.0,0.0,0.0,0.0,0.0,0.0,0.0,0.0,0.0,0.0,0.0,0.0,0.0,0.0
A2HRUFTA09371Y,rec,40-1,40.0,1000.0,0.0,0.0,0.0,0.0,0.0,0.0,0.0,0.0,0.0,0.0,0.0,0.0,0.0,0.0,0.0,0.0,0.0,0.0,0.0,0.0,0.0,0.0,0.0,0.0,0.0,0.0,0.0,0.0,0.0,0.0,0.0,0.0,0.0,0.0,0.0,0.0,0.0,0.0,0.0,1.0,0.0
A2IK3H6MQ1QV6E,rec,40-1,40.0,1000.0,0.0,0.0,0.0,0.0,0.0,0.0,0.0,0.0,0.0,0.0,0.0,0.0,0.0,0.0,0.0,0.0,0.0,0.0,0.0,0.0,0.0,0.0,0.0,0.0,0.0,0.0,0.0,0.0,0.0,0.0,0.0,0.0,0.0,0.0,0.0,0.0,0.5,0.0,0.5,0.0,0.0
A2L7RTYO4UMYDH,ns,40-1,40.0,1000.0,0.5,0.0,0.5,0.0,0.0,0.0,0.0,0.0,0.0,0.0,0.0,0.0,0.0,0.0,0.0,0.0,0.0,0.0,0.0,0.0,0.0,0.0,0.0,0.0,0.0,0.0,0.0,0.0,0.0,0.0,0.0,0.0,0.0,0.0,0.0,0.0,0.0,0.0,0.0,0.0,0.0
A2LI1OIR4BVJRW,prim,40-1,40.0,1000.0,0.0,0.0,0.16666666666666666,0.0,0.16666666666666666,0.0,0.3333333333333333,0.0,0.0,0.0,0.3333333333333333,0.0,0.0,0.0,0.0,0.0,0.0,0.0,0.0,0.0,0.0,0.0,0.0,0.0,0.0,0.0,0.0,0.0,0.0,0.0,0.0,0.0,0.0,0.0,0.0,0.0,0.0,0.0,0.0,0.0,0.0
A2NEFRREWF33YP,rec,40-1,40.0,1000.0,,,,,,,,,,,,,,,,,,,,,,,,,,,,,,,,,,,,,,,,,
A2P8V5SKYLL5I4,rec,40-1,40.0,1000.0,0.0,0.0,0.0,0.0,0.0,0.0,0.0,0.0,0.0,0.0,0.0,0.0,0.0,0.0,0.0,0.0,0.0,0.0,0.0,0.0,0.0,0.0,0.0,0.0,0.0,0.0,0.0,0.0,0.0,0.0,0.0,0.0,0.0,0.0,0.0,0.0,0.0,0.25,0.0,0.25,0.5
A2PSU15S8ZI3V5,prim,40-1,40.0,1000.0,0.5,0.0,0.5,0.0,0.0,0.0,0.0,0.0,0.0,0.0,0.0,0.0,0.0,0.0,0.0,0.0,0.0,0.0,0.0,0.0,0.0,0.0,0.0,0.0,0.0,0.0,0.0,0.0,0.0,0.0,0.0,0.0,0.0,0.0,0.0,0.0,0.0,0.0,0.0,0.0,0.0
A2QUSCZS3RXGXE,ns,40-1,40.0,1000.0,0.0,0.0,0.0,0.75,0.0,0.0,0.0,0.0,0.0,0.0,0.0,0.0,0.0,0.0,0.0,0.0,0.0,0.0,0.0,0.0,0.0,0.0,0.0,0.0,0.0,0.0,0.0,0.0,0.0,0.0,0.0,0.0,0.0,0.0,0.0,0.0,0.0,0.0,0.25,0.0,0.0
A2TUYGXQ15U6GO,prim,40-1,40.0,1000.0,0.25,0.0,0.43333333333333335,0.08333333333333333,0.08333333333333333,0.0,0.0,0.15,0.0,0.0,0.0,0.0,0.0,0.0,0.0,0.0,0.0,0.0,0.0,0.0,0.0,0.0,0.0,0.0,0.0,0.0,0.0,0.0,0.0,0.0,0.0,0.0,0.0,0.0,0.0,0.0,0.0,0.0,0.0,0.0,0.0
A2UEVNT8VQD1SA,ns,40-1,40.0,1000.0,0.5,0.3333333333333333,0.0,0.0,0.0,0.16666666666666666,0.0,0.0,0.0,0.0,0.0,0.0,0.0,0.0,0.0,0.0,0.0,0.0,0.0,0.0,0.0,0.0,0.0,0.0,0.0,0.0,0.0,0.0,0.0,0.0,0.0,0.0,0.0,0.0,0.0,0.0,0.0,0.0,0.0,0.0,0.0
A2VR9O234UCT9T,rec,40-1,40.0,1000.0,,,,,,,,,,,,,,,,,,,,,,,,,,,,,,,,,,,,,,,,,
A2WCPERU8X385N,prim,40-1,40.0,1000.0,0.225,0.0,0.175,0.125,0.125,0.0,0.175,0.0,0.125,0.0,0.0,0.0,0.0,0.0,0.0,0.0,0.0,0.0,0.05,0.0,0.0,0.0,0.0,0.0,0.0,0.0,0.0,0.0,0.0,0.0,0.0,0.0,0.0,0.0,0.0,0.0,0.0,0.0,0.0,0.0,0.0
A33GZS6SU4O20M,ns,40-1,40.0,1000.0,0.2232142857142857,0.0,0.0,0.0,0.09821428571428571,0.0,0.0,0.0,0.0,0.0,0.0,0.0,0.03571428571428571,0.0,0.0,0.0,0.0,0.0,0.03571428571428571,0.0,0.0,0.0,0.0,0.0,0.0,0.0,0.0,0.0,0.0,0.03571428571428571,0.0,0.0,0.0,0.0,0.0,0.0,0.03571428571428571,0.0,0.125,0.2648809523809524,0.14583333333333331
A38I0E8UK53ME5,rec,40-1,40.0,1000.0,0.5,0.0,0.0,0.0,0.0,0.0,0.0,0.0,0.0,0.0,0.0,0.0,0.0,0.0,0.0,0.0,0.0,0.0,0.0,0.0,0.0,0.0,0.0,0.0,0.0,0.0,0.0,0.0,0.0,0.0,0.0,0.0,0.0,0.0,0.0,0.0,0.0,0.0,0.5,0.0,0.0
A3BZH91MITQA5X,ns,40-1,40.0,1000.0,0.0,0.0,0.5,0.0,0.0,0.0,0.0,0.0,0.0,0.0,0.0,0.0,0.0,0.0,0.0,0.0,0.0,0.0,0.25,0.0,0.0,0.0,0.0,0.0,0.0,0.0,0.25,0.0,0.0,0.0,0.0,0.0,0.0,0.0,0.0,0.0,0.0,0.0,0.0,0.0,0.0
A3NX66U9RAY2GQ,prim,40-1,40.0,1000.0,0.4803571428571428,0.0,0.2589285714285714,0.1125,0.0625,0.08571428571428572,0.0,0.0,0.0,0.0,0.0,0.0,0.0,0.0,0.0,0.0,0.0,0.0,0.0,0.0,0.0,0.0,0.0,0.0,0.0,0.0,0.0,0.0,0.0,0.0,0.0,0.0,0.0,0.0,0.0,0.0,0.0,0.0,0.0,0.0,0.0
A3O40YLW6MYU8C,prim,40-1,40.0,1000.0,0.2875,0.0,0.4125,0.0625,0.05,0.0,0.0,0.0,0.0,0.0,0.0,0.0,0.0,0.0,0.0,0.0,0.0,0.0,0.0,0.0,0.0,0.0,0.0,0.0,0.0,0.0,0.0,0.0,0.0,0.0,0.125,0.0,0.0,0.0,0.0,0.0,0.0,0.0,0.0,0.0,0.0625
A3S2AUQWI7XWT4,prim,40-1,40.0,1000.0,0.1958333333333333,0.0,0.4125,0.14583333333333331,0.05,0.1125,0.0,0.0,0.08333333333333333,0.0,0.0,0.0,0.0,0.0,0.0,0.0,0.0,0.0,0.0,0.0,0.0,0.0,0.0,0.0,0.0,0.0,0.0,0.0,0.0,0.0,0.0,0.0,0.0,0.0,0.0,0.0,0.0,0.0,0.0,0.0,0.0
A3SA9LY6RXKFOI,prim,40-1,40.0,1000.0,0.24166666666666667,0.125,0.041666666666666664,0.225,0.15000000000000002,0.08333333333333333,0.0,0.0,0.0,0.0,0.0,0.0,0.08333333333333333,0.0,0.0,0.0,0.0,0.0,0.0,0.0,0.0,0.0,0.0,0.0,0.0,0.0,0.0,0.0,0.0,0.0,0.0,0.0,0.0,0.0,0.0,0.0,0.05,0.0,0.0,0.0,0.0
A3SLT6KVF0NXPH,prim,40-1,40.0,1000.0,0.0,0.0,0.7222222222222222,0.1111111111111111,0.0,0.0,0.0,0.0,0.16666666666666666,0.0,0.0,0.0,0.0,0.0,0.0,0.0,0.0,0.0,0.0,0.0,0.0,0.0,0.0,0.0,0.0,0.0,0.0,0.0,0.0,0.0,0.0,0.0,0.0,0.0,0.0,0.0,0.0,0.0,0.0,0.0,0.0
A3TNSJSXI464IT,ns,40-1,40.0,1000.0,0.375,0.0,0.125,0.08333333333333333,0.125,0.0,0.0,0.0,0.0,0.0,0.0,0.0,0.0,0.0,0.0,0.0,0.0,0.08333333333333333,0.0,0.0,0.0,0.0,0.0,0.0,0.0,0.0,0.0,0.0,0.0,0.0,0.125,0.0,0.0,0.08333333333333333,0.0,0.0,0.0,0.0,0.0,0.0,0.0
A3TUJBPLJGTI5,rec,40-1,40.0,1000.0,0.25,0.0,0.0,0.0,0.0,0.0,0.0,0.0,0.0,0.0,0.0,0.0,0.0,0.0,0.0,0.0,0.0,0.0,0.0,0.0,0.0,0.0,0.0,0.0,0.0,0.0,0.0,0.0,0.0,0.0,0.0,0.0,0.0,0.0,0.0,0.0,0.0,0.5,0.0,0.25,0.0
A3VL1CBZ3BGQK7,ns,40-1,40.0,1000.0,0.0,0.0,0.0,0.0,0.0,0.0,0.0,0.0,0.0,0.0,0.0,0.0,0.0,0.0,0.0,0.0,0.0,0.0,0.0,0.0,0.0,0.0,0.0,0.0,0.0,0.0,0.0,0.0,0.0,0.0,0.0,0.0,0.0,0.0,0.0,0.0,0.0,0.0,0.0,0.0,1.0
A47VA451RDBV3,prim,40-1,40.0,1000.0,0.125,0.0,0.08333333333333333,0.20833333333333331,0.375,0.08333333333333333,0.125,0.0,0.0,0.0,0.0,0.0,0.0,0.0,0.0,0.0,0.0,0.0,0.0,0.0,0.0,0.0,0.0,0.0,0.0,0.0,0.0,0.0,0.0,0.0,0.0,0.0,0.0,0.0,0.0,0.0,0.0,0.0,0.0,0.0,0.0
A92KVBM20ZTU4,rec,40-1,40.0,1000.0,0.0,0.0,0.0,0.0,0.0,0.0,0.0,0.0,0.0,0.0,0.0,0.0,0.0,0.0,0.0,0.0,0.0,0.0,0.0,0.0,0.0,0.0,0.0,0.0,0.0,0.0,0.0,0.0,0.0,0.0,0.0,0.0,0.0,0.0,0.0,0.125,0.0,0.125,0.125,0.625,0.0
AAF1SJ9FCBF75,rec,40-1,40.0,1000.0,0.0,0.0,0.0,0.0,0.0,0.0,0.0,0.0,0.0,0.0,0.0,0.0,0.0,0.0,0.0,0.0,0.0,0.0,0.0,0.0,0.0,0.0,0.0,0.0,0.0,0.0,0.0,0.0,0.0,0.0,0.0,0.0,0.0,0.0,0.0,0.0,0.0,0.3333333333333333,0.3333333333333333,0.0,0.3333333333333333
AAVFHZA708CSP,ns,40-1,40.0,1000.0,0.2708333333333333,0.0,0.3333333333333333,0.0,0.0,0.0,0.125,0.0,0.0,0.0,0.0,0.0,0.0,0.0,0.0,0.0,0.0,0.0,0.0,0.0,0.0,0.0,0.0,0.0,0.0,0.0,0.0,0.0,0.0,0.0,0.0,0.0,0.0,0.0,0.0,0.0,0.0,0.0,0.08333333333333333,0.0,0.1875
ADL9KYXZGHUFO,ns,40-1,40.0,1000.0,0.3333333333333333,0.0,0.0,0.0,0.25,0.0,0.0,0.0,0.0,0.16666666666666666,0.0,0.0,0.0,0.0,0.0,0.0,0.0,0.0,0.0,0.0,0.0,0.0,0.0,0.0,0.0,0.0,0.0,0.0,0.0,0.0,0.0,0.0,0.0,0.0,0.0,0.0,0.0,0.0,0.0,0.0,0.25
AFLRBB974KS6D,ns,40-1,40.0,1000.0,0.4375,0.0,0.25,0.1875,0.0,0.0,0.0,0.0,0.0,0.0,0.0,0.0,0.0,0.0,0.0,0.0,0.0,0.0,0.0,0.0,0.0,0.0,0.0,0.0,0.0,0.0,0.0,0.0,0.0,0.0,0.0,0.0,0.0,0.0,0.0,0.0,0.125,0.0,0.0,0.0,0.0
AGB6853RIDWJ8,ns,40-1,40.0,1000.0,0.22916666666666666,0.0,0.0625,0.0,0.0,0.0,0.1875,0.0,0.0,0.0,0.0,0.0,0.0,0.0,0.0,0.0,0.0,0.0,0.0,0.0,0.0,0.0,0.0,0.0,0.125,0.0,0.0,0.0,0.0,0.0,0.0,0.0,0.0,0.25,0.0,0.0,0.0625,0.0,0.08333333333333333,0.0,0.0
AGLFNO1XKM8O8,rec,40-1,40.0,1000.0,0.2222222222222222,0.0,0.0,0.0,0.1111111111111111,0.0,0.0,0.0,0.0,0.0,0.0,0.0,0.0,0.0,0.0,0.0,0.0,0.0,0.0,0.0,0.0,0.0,0.0,0.0,0.0,0.0,0.0,0.0,0.0,0.0,0.0,0.0,0.0,0.0,0.0,0.0,0.1111111111111111,0.0,0.0,0.4444444444444444,0.1111111111111111
AH2C0LKV36ATT,prim,40-1,40.0,1000.0,0.0,0.25,0.0,0.0,0.25,0.0,0.0,0.25,0.0,0.0,0.0,0.0,0.0,0.0,0.0,0.0,0.0,0.0,0.0,0.0,0.0,0.0,0.0,0.0,0.0,0.0,0.0,0.0,0.0,0.0,0.0,0.0,0.0,0.25,0.0,0.0,0.0,0.0,0.0,0.0,0.0
AKJN72HW14WTR,rec,40-1,40.0,1000.0,0.0,0.0,0.0,0.0,0.0,0.0,0.0,0.0,0.0,0.0,0.0,0.0,0.0,0.0,0.0,0.0,0.0,0.0,0.0,0.0,0.0,0.0,0.0,0.0,0.0,0.0,0.0,0.0,0.0,0.0,0.0,0.0,0.0,0.0,0.0,0.0,0.0,0.25,0.0,0.25,0.5
AMIQGW2E3WYO4,rec,40-1,40.0,1000.0,0.0,0.0,0.0,0.0,0.0,0.0,0.0,0.0,0.0,0.0,0.0,0.25,0.0,0.0,0.0,0.0,0.0,0.0,0.0,0.0,0.0,0.0,0.0,0.0,0.0,0.0,0.0,0.0,0.0,0.0,0.0,0.0,0.0,0.0,0.0,0.0,0.0,0.0,0.0,0.0,0.75
ANCTZADQC3D75,ns,40-1,40.0,1000.0,0.2875,0.0,0.15,0.0625,0.0,0.0,0.0,0.0,0.0,0.0,0.0,0.0,0.0,0.0,0.0,0.0,0.0,0.0,0.0,0.0,0.0,0.0,0.0,0.0,0.0,0.0,0.0,0.0,0.0,0.0,0.0,0.0,0.0,0.0,0.0,0.0,0.0,0.125,0.125,0.0625,0.1875
AOQKJGXZ8QQD0,prim,40-1,40.0,1000.0,0.2611111111111111,0.0,0.0,0.06666666666666667,0.0,0.06666666666666667,0.17777777777777778,0.0,0.1111111111111111,0.0,0.08333333333333333,0.0,0.08333333333333333,0.15,0.0,0.0,0.0,0.0,0.0,0.0,0.0,0.0,0.0,0.0,0.0,0.0,0.0,0.0,0.0,0.0,0.0,0.0,0.0,0.0,0.0,0.0,0.0,0.0,0.0,0.0,0.0
AP3BTOBN8Y9EJ,rec,40-1,40.0,1000.0,0.0,0.0,0.0,0.0,0.0,0.0,0.0,0.0,0.0,0.0,0.0,0.0,0.0,0.0,0.0,0.0,0.0,0.0,0.0,0.0,0.0,0.0,0.0,0.0,0.0,0.0,0.0,0.0,0.0,0.0,0.0,0.16666666666666666,0.0,0.0,0.0,0.0,0.0,0.3333333333333333,0.0,0.0,0.5
AQSYWZJVVMCGJ,prim,40-1,40.0,1000.0,0.5,0.0,0.0,0.0,0.0,0.16666666666666666,0.0,0.0,0.0,0.0,0.0,0.0,0.0,0.0,0.0,0.0,0.0,0.0,0.0,0.0,0.0,0.0,0.0,0.0,0.0,0.0,0.0,0.0,0.0,0.0,0.0,0.0,0.0,0.0,0.0,0.0,0.0,0.0,0.0,0.0,0.3333333333333333
AR1IWBDA7MC86,rec,40-1,40.0,1000.0,,,,,,,,,,,,,,,,,,,,,,,,,,,,,,,,,,,,,,,,,
AR3MFFPQ39IXF,rec,40-1,40.0,1000.0,0.0,0.0,0.0,0.0,0.0,0.0,0.0,0.0,0.0,0.0,0.0,0.0,0.0,0.0,0.0,0.0,0.0,0.0,0.0,0.0,0.0,0.0,0.0,0.0,0.0,0.0,0.0,0.0,0.0,0.0,0.0,0.0,0.0,0.0,0.0,0.0,0.0,0.16666666666666666,0.3333333333333333,0.5,0.0
ARL0T0MU9A65G,prim,40-1,40.0,1000.0,0.08333333333333333,0.0,0.5416666666666666,0.29166666666666663,0.08333333333333333,0.0,0.0,0.0,0.0,0.0,0.0,0.0,0.0,0.0,0.0,0.0,0.0,0.0,0.0,0.0,0.0,0.0,0.0,0.0,0.0,0.0,0.0,0.0,0.0,0.0,0.0,0.0,0.0,0.0,0.0,0.0,0.0,0.0,0.0,0.0,0.0
ASVRLMDNQBUD9,rec,40-1,40.0,1000.0,0.0,0.0,0.0,0.0,0.0,0.0,0.0,0.0,0.0,0.0,0.0,0.0,0.0,0.0,0.0,0.0,0.0,0.0,0.0,0.0,0.0,0.0,0.0,0.0,0.0,0.0,0.0,0.0,0.0,0.0,0.0,0.0,0.0,0.0,0.0,0.0,1.0,0.0,0.0,0.0,0.0
ATRRW34VN38IX,rec,40-1,40.0,1000.0,0.0,0.0,0.0,0.0,0.0,0.0,0.0,0.0,0.0,0.0,0.0,0.0,0.0,0.0,0.0,0.0,0.0,0.0,0.0,0.0,0.0,0.0,0.0,0.0,0.0,0.0,0.0,0.25,0.0,0.0,0.0,0.0,0.0,0.0,0.0,0.0,0.5,0.0,0.0,0.25,0.0
AVSVIOR38JDM6,prim,40-1,40.0,1000.0,0.6875,0.0,0.3125,0.0,0.0,0.0,0.0,0.0,0.0,0.0,0.0,0.0,0.0,0.0,0.0,0.0,0.0,0.0,0.0,0.0,0.0,0.0,0.0,0.0,0.0,0.0,0.0,0.0,0.0,0.0,0.0,0.0,0.0,0.0,0.0,0.0,0.0,0.0,0.0,0.0,0.0
AW0MG225VXWCN,rec,40-1,40.0,1000.0,,,,,,,,,,,,,,,,,,,,,,,,,,,,,,,,,,,,,,,,,
AW4PTI9P13WUB,prim,40-1,40.0,1000.0,0.4955357142857143,0.0,0.1875,0.06696428571428571,0.1875,0.0625,0.0,0.0,0.0,0.0,0.0,0.0,0.0,0.0,0.0,0.0,0.0,0.0,0.0,0.0,0.0,0.0,0.0,0.0,0.0,0.0,0.0,0.0,0.0,0.0,0.0,0.0,0.0,0.0,0.0,0.0,0.0,0.0,0.0,0.0,0.0
AXFCUZW85XUK1,ns,40-1,40.0,1000.0,0.24444444444444446,0.0,0.1111111111111111,0.06666666666666667,0.0,0.0,0.0,0.0,0.0,0.0,0.0,0.0,0.0,0.0,0.0,0.0,0.0,0.0,0.0,0.0,0.0,0.0,0.0,0.0,0.0,0.0,0.0,0.0,0.0,0.0,0.1111111111111111,0.0,0.0,0.0,0.0,0.0,0.1111111111111111,0.0,0.06666666666666667,0.06666666666666667,0.2222222222222222
AYF9WH3AQIT86,prim,40-1,40.0,1000.0,0.14583333333333331,0.0,0.3333333333333333,0.0,0.0,0.08333333333333333,0.0,0.0,0.1875,0.125,0.125,0.0,0.0,0.0,0.0,0.0,0.0,0.0,0.0,0.0,0.0,0.0,0.0,0.0,0.0,0.0,0.0,0.0,0.0,0.0,0.0,0.0,0.0,0.0,0.0,0.0,0.0,0.0,0.0,0.0,0.0
