subject,condition,l_length,pres_rate,sp_sem,dec_sem,permutation_sp_sem,permutation_dec_sem
A10HW8JXM17XLD,10-2,10.0,2000.0,0.4376716590417342,0.4376716590417342,0.969212522557078,0.969212522557078
A12K1ADYMRSWMJ,10-2,10.0,2000.0,0.4937985217699404,0.4937985217699404,1.3303856329626178,1.3303856329626178
A14E4ISXVJVY6F,10-2,10.0,2000.0,0.0,0.0,1.1512248648810202,1.1512248648810202
A169XTOCOMO1MV,10-2,10.0,2000.0,1.2124067116966062,1.2124067116966062,1.205468263269196,1.205468263269196
A18NXRDHQ0ZSOY,10-2,10.0,2000.0,1.1580548873749976,1.1580548873749976,1.31511395841888,1.31511395841888
A1969Q0R4Y0E3J,10-2,10.0,2000.0,0.6267725482063359,0.6267725482063359,1.0898206831317274,1.0898206831317274
A1AKL5YH9NLD2V,10-2,10.0,2000.0,0.20512808806010746,0.20512808806010746,1.1434586617981637,1.1434586617981637
A1ARWNTZHGFG8Y,10-2,10.0,2000.0,0.9487835418002921,0.9487835418002921,1.0924886402902902,1.0924886402902902
A1F0R1MSPTXHHV,10-2,10.0,2000.0,0.7469170817465066,0.7469170817465066,1.2544212273425932,1.2544212273425932
A1GRPIBHW72HDU,10-2,10.0,2000.0,0.21009473618783947,0.21009473618783947,1.0888680119681489,1.0888680119681489
A1I9RLJQ0BYN21,10-2,10.0,2000.0,0.8816261743405214,0.8816261743405214,1.114417416158685,1.114417416158685
A1NG504QI5LI62,10-2,10.0,2000.0,0.0,0.0,1.294995731313145,1.294995731313145
A1NQ2A0UDW719R,10-2,10.0,2000.0,0.2713083160715837,0.2713083160715837,1.4694561232871979,1.4694561232871979
A1P00XZZG7EEEM,10-2,10.0,2000.0,0.4766442779051995,0.4766442779051995,1.3168411762230712,1.3168411762230712
A1RFDB2WUV7QRO,10-2,10.0,2000.0,0.8529521543032623,0.8529521543032623,1.1125157826018368,1.1125157826018368
A1V2H0UF94ATWY,10-2,10.0,2000.0,0.36954409512725434,0.36954409512725434,1.0417165370302957,1.0417165370302957
A1W7T8V97ZPUH0,10-2,10.0,2000.0,0.7559729298575469,0.7559729298575469,1.5161127802210663,1.5161127802210663
A1WJIRT360P5VB,10-2,10.0,2000.0,0.1298097996659295,0.1298097996659295,1.0743733113421416,1.0743733113421416
A1WPGNK8Y65BV3,10-2,10.0,2000.0,0.9403350055827241,0.9403350055827241,1.1378201734621591,1.1378201734621591
A1XMGLCK09Z0DW,10-2,10.0,2000.0,1.037622408984015,1.037622408984015,1.3881197425522964,1.3881197425522964
A1YA2FCN3KEK36,10-2,10.0,2000.0,0.13092028039929002,0.13092028039929002,1.2750549925856713,1.2750549925856713
A20GD3EBBTBYY2,10-2,10.0,2000.0,0.790847501803915,0.790847501803915,1.2562978401608205,1.2562978401608205
A24BRTWG07T53Z,10-2,10.0,2000.0,0.560002279075345,0.560002279075345,1.16378651160163,1.16378651160163
A27QXQ22F9ODSP,10-2,10.0,2000.0,0.6472095842812435,0.6472095842812435,1.2269382391836037,1.2269382391836037
A27T2Z568L69U1,10-2,10.0,2000.0,0.3540482110680304,0.3540482110680304,1.1669977002647611,1.1669977002647611
A282UM3NAIM0YO,10-2,10.0,2000.0,0.8624035531312543,0.8624035531312543,1.2863317704663917,1.2863317704663917
A2BREH6STESM0G,10-2,10.0,2000.0,0.7994691537452184,0.7994691537452184,1.1332816266786558,1.1332816266786558
A2FLBMZ38IZ2SQ,10-2,10.0,2000.0,0.2573336299493509,0.2573336299493509,1.2139248682158552,1.2139248682158552
A2FM1N5AOMVTGL,10-2,10.0,2000.0,0.33193341505975726,0.33193341505975726,1.3794863245243985,1.3794863245243985
A2FYFCD16Z3PCC,10-2,10.0,2000.0,0.36182141328690015,0.36182141328690015,0.9324245370568662,0.9324245370568662
A2H8PEGI28NKZD,10-2,10.0,2000.0,0.7662181298094685,0.7662181298094685,1.1347999142840082,1.1347999142840082
A2I6ZALE49CVSC,10-2,10.0,2000.0,0.5949052719621171,0.5949052719621171,1.019958379316141,1.019958379316141
A2KPEUCEE2M05G,10-2,10.0,2000.0,0.4375,0.4375,1.1121489787888081,1.1121489787888081
A2LJ1FRUYGW469,10-2,10.0,2000.0,0.9040325324908455,0.9040325324908455,1.150984870472245,1.150984870472245
A2M183CETUMR96,10-2,10.0,2000.0,0.3612947939898526,0.3612947939898526,1.0690842074733098,1.0690842074733098
A2MUOD1JHWJ735,10-2,10.0,2000.0,0.37973453139670377,0.37973453139670377,0.9871262471843781,0.9871262471843781
A2NXMRPHG86N2T,10-2,10.0,2000.0,0.7890346870834534,0.7890346870834534,1.0048175750706543,1.0048175750706543
A2PQDK3MLDFXYM,10-2,10.0,2000.0,0.17049245308347946,0.17049245308347946,1.1050232701692586,1.1050232701692586
A2QRJKXTK4JDD8,10-2,10.0,2000.0,0.8611805823923944,0.8611805823923944,1.2961117794607078,1.2961117794607078
A2R970Q1Q2A6DJ,10-2,10.0,2000.0,0.38259781968169215,0.38259781968169215,1.2533456834012884,1.2533456834012884
A2VIKZ73Y5ABHM,10-2,10.0,2000.0,1.2004820601823152,1.2004820601823152,1.0684681766500346,1.0684681766500346
A2WYZLG8J526TQ,10-2,10.0,2000.0,0.6060115510450275,0.6060115510450275,1.2715196121642571,1.2715196121642571
A33X52IN60MSOE,10-2,10.0,2000.0,0.6410772239915182,0.6410772239915182,1.1060414054821281,1.1060414054821281
A348NEQKS6VNIB,10-2,10.0,2000.0,0.6744904467106072,0.6744904467106072,0.99899136819936,0.99899136819936
A349BBTU7L597J,10-2,10.0,2000.0,1.0247279975786896,1.0247279975786896,1.4379728577354283,1.4379728577354283
A3C8JI69WPTKWH,10-2,10.0,2000.0,0.3721037019853196,0.3721037019853196,1.0736902430855466,1.0736902430855466
A3CE7DTHIB76UK,10-2,10.0,2000.0,0.9106826404994225,0.9106826404994225,1.234788725651079,1.234788725651079
A3G55RJTW3BSGM,10-2,10.0,2000.0,0.7162203643807719,0.7162203643807719,1.049083161780062,1.049083161780062
A3GC5Q5CLI4NWZ,10-2,10.0,2000.0,0.0478587443449824,0.0478587443449824,1.1651838865745199,1.1651838865745199
A3J55BJGV95JKH,10-2,10.0,2000.0,0.5065424376425216,0.5065424376425216,1.1769006741901593,1.1769006741901593
A3MJQ51KN9CMQ4,10-2,10.0,2000.0,0.8822858342012225,0.8822858342012225,1.5760003914937226,1.5760003914937226
A3MOL1L9V4BUGH,10-2,10.0,2000.0,0.6537405087820345,0.6537405087820345,1.1050436087164335,1.1050436087164335
A3NAONPCTVT6P1,10-2,10.0,2000.0,0.9345205494886945,0.9345205494886945,1.0679247860404377,1.0679247860404377
A3PJY7THMUIR4M,10-2,10.0,2000.0,0.9492909317603605,0.9492909317603605,1.1425030658809998,1.1425030658809998
A3VV3MW68CALXS,10-2,10.0,2000.0,0.0,0.0,1.3528179838899872,1.3528179838899872
A489K1IFOM4JW,10-2,10.0,2000.0,0.12572386653795176,0.12572386653795176,1.3676351900286652,1.3676351900286652
A49HPQ9P5AHU4,10-2,10.0,2000.0,0.45479879903802545,0.45479879903802545,1.0465281858639144,1.0465281858639144
A55MEA9LQASZH,10-2,10.0,2000.0,0.8838631520996525,0.8838631520996525,1.0724461958884204,1.0724461958884204
A5P12YJP805RG,10-2,10.0,2000.0,0.6212717328555583,0.6212717328555583,1.1904045585177543,1.1904045585177543
A5TWD5QD99GZY,10-2,10.0,2000.0,0.6968793559215496,0.6968793559215496,1.0356789361038952,1.0356789361038952
A63UHNWYOV5LE,10-2,10.0,2000.0,1.078934790271581,1.078934790271581,1.1173492558952354,1.1173492558952354
AEP8U373W5Q54,10-2,10.0,2000.0,0.021669604301036188,0.021669604301036188,1.1766747568759972,1.1766747568759972
AK2PMO5I7OCEK,10-2,10.0,2000.0,0.11949548934431772,0.11949548934431772,1.2101896457797503,1.2101896457797503
AKNU5D6QK7M72,10-2,10.0,2000.0,0.09617132339749693,0.09617132339749693,1.167562737666829,1.167562737666829
AO5FQ7GY8DTR8,10-2,10.0,2000.0,0.0,0.0,0.7181712027521311,0.7181712027521311
ARIWYNIH12MLF,10-2,10.0,2000.0,0.8397166417048901,0.8397166417048901,1.3015246337430275,1.3015246337430275
AS4FVWL91C6HR,10-2,10.0,2000.0,0.7015535845158014,0.7015535845158014,1.0772238835972754,1.0772238835972754
AWJKR5GA7BS7V,10-2,10.0,2000.0,0.38842047573660055,0.38842047573660055,1.2000925723010785,1.2000925723010785
AZ69TBTDH7AZS,10-2,10.0,2000.0,0.2545925255899676,0.2545925255899676,1.0019333525194687,1.0019333525194687
AZ8NNCT4AODDN,10-2,10.0,2000.0,0.8556083185869536,0.8556083185869536,1.5026019100214134,1.5026019100214134
A10JXOU89D5RXR,20-1,20.0,1000.0,1.486986672517555,0.7434933362587774,2.3636348901560873,1.1818174450780436
A111FTKAAJ5UMC,20-1,20.0,1000.0,0.16837749844961372,0.08418874922480686,2.6347702822859196,1.3173851411429598
A11EZAV2HRYKD5,20-1,20.0,1000.0,0.23219044499454955,0.11609522249727477,2.6542279757070117,1.3271139878535059
A157L6Z8QU3SDE,20-1,20.0,1000.0,0.5689991815981547,0.28449959079907733,2.2908575741419956,1.1454287870709978
A16GIPTDMJAFTK,20-1,20.0,1000.0,1.9819379966201771,0.9909689983100886,2.3127246483698416,1.1563623241849208
A17R7WX5B0CKK6,20-1,20.0,1000.0,0.6862401610432476,0.3431200805216238,2.744163188754566,1.372081594377283
A17WB66BXX4R0J,20-1,20.0,1000.0,0.16071194464085958,0.08035597232042979,2.4136224128547923,1.2068112064273961
A19QRXLWV5GKXN,20-1,20.0,1000.0,1.62698683292709,0.813493416463545,2.4247893343411135,1.2123946671705568
A1CKIYN01NV9GJ,20-1,20.0,1000.0,1.660643552126517,0.8303217760632585,2.4956890990868725,1.2478445495434363
A1HLDOM6JTYYI2,20-1,20.0,1000.0,1.1221884312365515,0.5610942156182758,2.461930291497044,1.230965145748522
A1HR8IRDC07FO9,20-1,20.0,1000.0,1.3981742248043108,0.6990871124021554,2.578476301508997,1.2892381507544985
A1J6CZ176U6GDT,20-1,20.0,1000.0,0.507139886996991,0.2535699434984955,2.9034315852788977,1.4517157926394488
A1J9VZ372FV2QZ,20-1,20.0,1000.0,1.3129143860301036,0.6564571930150518,2.9332875083031404,1.4666437541515702
A1JI19KPIVNL3Y,20-1,20.0,1000.0,1.3040198938450152,0.6520099469225076,2.4485599000182634,1.2242799500091317
A1KH9VI2D0V43B,20-1,20.0,1000.0,0.1305889594493565,0.06529447972467825,2.6067787811325007,1.3033893905662504
A1LJ4WAEDGELVL,20-1,20.0,1000.0,0.18153190820021406,0.09076595410010703,2.548853039819601,1.2744265199098006
A1OOCYEFLAJD98,20-1,20.0,1000.0,0.2776809216593804,0.1388404608296902,2.2935743007857172,1.1467871503928586
A1OW27AZS122X2,20-1,20.0,1000.0,2.118961566859758,1.059480783429879,2.420828909942693,1.2104144549713465
A1R5JNC2LO6X1S,20-1,20.0,1000.0,0.710842336925404,0.355421168462702,2.6899006133379197,1.3449503066689599
A1SUTNVLSFPXFK,20-1,20.0,1000.0,0.30301118850129877,0.15150559425064938,2.738832466455617,1.3694162332278086
A1V91Z2CQKMR55,20-1,20.0,1000.0,0.5347442330144867,0.26737211650724335,2.266265175389472,1.133132587694736
A1YFL5HXPZ7MVV,20-1,20.0,1000.0,1.6728044299041325,0.8364022149520662,2.3928484037856412,1.1964242018928206
A22UMPYYQBXT0F,20-1,20.0,1000.0,1.8425502008589572,0.9212751004294786,2.2597352952503704,1.1298676476251852
A26M997VYVK0E6,20-1,20.0,1000.0,0.3374266123870128,0.1687133061935064,2.4736409141425764,1.2368204570712882
A277V4SHQB8JRS,20-1,20.0,1000.0,0.3609477898099603,0.18047389490498014,2.3775361916263273,1.1887680958131637
A2E5PV1BHNG67N,20-1,20.0,1000.0,2.6368472395364453,1.3184236197682226,2.929545857955792,1.464772928977896
A2FQVRBXJZQAWT,20-1,20.0,1000.0,0.052378280087892415,0.026189140043946207,2.6081152862389825,1.3040576431194912
A2GM1ZIBRBHBK7,20-1,20.0,1000.0,1.959694113634518,0.979847056817259,2.628028343776332,1.314014171888166
A2ONILC0LZKG6Y,20-1,20.0,1000.0,0.5106721378945486,0.2553360689472743,2.3086971747834157,1.1543485873917079
A2QX1SJXQN1NV1,20-1,20.0,1000.0,2.338580568063925,1.1692902840319626,3.0245987030282535,1.5122993515141268
A2QY653X9531JP,20-1,20.0,1000.0,2.112001842132908,1.056000921066454,2.481650032397235,1.2408250161986174
A2RBF3IIJP15IH,20-1,20.0,1000.0,0.8508976294682807,0.42544881473414037,2.40643180076421,1.203215900382105
A2RWLFIP23FZA7,20-1,20.0,1000.0,1.7161325326739991,0.8580662663369996,2.5526748201456675,1.2763374100728337
A2SBZCFAVT83GN,20-1,20.0,1000.0,0.44048570737649334,0.22024285368824667,2.2668143117277175,1.1334071558638588
A2SQGKP2REXOTN,20-1,20.0,1000.0,0.6026497358224373,0.30132486791121865,2.530355339306931,1.2651776696534656
A2SQTRNQWDLU4F,20-1,20.0,1000.0,1.2769388981887826,0.6384694490943913,2.370453639224059,1.1852268196120295
A2SWQM5X54P1O5,20-1,20.0,1000.0,0.3787179530284949,0.18935897651424746,2.440679965584825,1.2203399827924124
A2TG5ESEOPXAHI,20-1,20.0,1000.0,0.6019234988539522,0.3009617494269761,2.9056461114458805,1.4528230557229402
A2V6E7SGEU0EFD,20-1,20.0,1000.0,0.6999345662108615,0.34996728310543074,2.2213239169897765,1.1106619584948882
A2VXT33Y2TQPOQ,20-1,20.0,1000.0,0.6415829568177569,0.32079147840887845,2.704248033368237,1.3521240166841184
A2XDWB9NVYI3LQ,20-1,20.0,1000.0,1.2381421455437562,0.6190710727718781,2.3410163888104663,1.1705081944052331
A3026HLELYNW7U,20-1,20.0,1000.0,1.2364848474631442,0.6182424237315721,2.4159278319876525,1.2079639159938262
A351P2O6QGTCS,20-1,20.0,1000.0,0.13912074940378713,0.06956037470189357,2.4501227664786316,1.2250613832393158
A39R5EBK7W916X,20-1,20.0,1000.0,2.4368297328660145,1.2184148664330072,3.3358381320926114,1.6679190660463057
A3D9PJ37U7LCHE,20-1,20.0,1000.0,2.1099328130464046,1.0549664065232023,2.5144981160821325,1.2572490580410662
A3EVXSWHYA1PTT,20-1,20.0,1000.0,1.112972474585864,0.556486237292932,2.394622406830068,1.197311203415034
A3GIUDSA1IGTFV,20-1,20.0,1000.0,2.1500406214543992,1.0750203107271996,2.650887017196069,1.3254435085980345
A3HXK0UGS1YDMC,20-1,20.0,1000.0,1.1835988979343055,0.5917994489671528,2.4705784785590765,1.2352892392795383
A3ITZNJQUTIZ4C,20-1,20.0,1000.0,0.4961191919179734,0.2480595959589867,2.324106984393362,1.162053492196681
A3MHP4LZ3V88NF,20-1,20.0,1000.0,1.229266205738094,0.614633102869047,2.459900284158556,1.229950142079278
A3NRIEMOJVVX4A,20-1,20.0,1000.0,0.8846369073500728,0.4423184536750364,2.236812792271654,1.118406396135827
A3PEV3KN6F7JRG,20-1,20.0,1000.0,1.877191167444848,0.938595583722424,2.613032888742493,1.3065164443712465
A3QKOYP52HYRH2,20-1,20.0,1000.0,2.138346941258432,1.069173470629216,2.605829095927395,1.3029145479636974
A3RFOODI4G4P4K,20-1,20.0,1000.0,0.5275724363297101,0.26378621816485504,2.573891332469554,1.286945666234777
A3RHJEMZ4EGY2U,20-1,20.0,1000.0,1.0971622443273752,0.5485811221636876,2.375539584434713,1.1877697922173565
A3S76P3L3USWI1,20-1,20.0,1000.0,1.1545360122919384,0.5772680061459692,2.954840371507366,1.477420185753683
A3USPFFWN1G5PF,20-1,20.0,1000.0,0.9151563058106085,0.45757815290530424,2.726805861810279,1.3634029309051394
A50UY1556VDIA,20-1,20.0,1000.0,1.873886359364385,0.9369431796821925,2.9084582367360663,1.4542291183680331
A7R1OLLU1Z6RA,20-1,20.0,1000.0,0.5420462013079561,0.27102310065397806,2.4263720033469602,1.2131860016734801
AEJU0MCYOQC77,20-1,20.0,1000.0,1.3387723865347116,0.6693861932673558,2.321722054416067,1.1608610272080335
AHU3EE2Q05E18,20-1,20.0,1000.0,0.48608131015864,0.24304065507932,2.3924845883349257,1.1962422941674629
AJD90361AJO80,20-1,20.0,1000.0,2.2422469704328023,1.1211234852164011,2.6342683781268144,1.3171341890634072
AK52RXEJKR81A,20-1,20.0,1000.0,2.5529989772109434,1.2764994886054717,2.385815472453141,1.1929077362265705
AMJAZPJBO936R,20-1,20.0,1000.0,1.6021298650618818,0.8010649325309409,2.268980218908949,1.1344901094544746
AOQZVAH5FSKGE,20-1,20.0,1000.0,0.4183052143551671,0.20915260717758355,2.418394299491166,1.209197149745583
AQCJI23U1VBYD,20-1,20.0,1000.0,0.4722478105276361,0.23612390526381805,3.111297387982769,1.5556486939913845
AQPFTUIJ0PW2N,20-1,20.0,1000.0,1.0057475414740382,0.5028737707370191,3.0404286210649425,1.5202143105324712
AXFCUZ1WQC2WY,20-1,20.0,1000.0,1.5674686561042745,0.7837343280521373,2.5054614797525496,1.2527307398762748
AY7M9MOLNXIIK,20-1,20.0,1000.0,1.7428146399471758,0.8714073199735879,2.2683475921883014,1.1341737960941507
AZZA3J049G7R5,20-1,20.0,1000.0,2.350885143552531,1.1754425717762655,2.489605792948073,1.2448028964740365
A102RSV009OCUW,15-2,15.0,2000.0,0.559099765511134,0.3727331770074227,1.6261744743991138,1.0841163162660759
A11BHGAKU0RIH8,15-2,15.0,2000.0,1.6652602311039397,1.1101734874026263,1.7131431374103672,1.1420954249402446
A13GBA16BNTN1A,15-2,15.0,2000.0,0.1764672455771588,0.11764483038477247,1.8362812615943842,1.2241875077295896
A13THDIE8LTQ11,15-2,15.0,2000.0,1.8048352405262829,1.2032234936841886,2.0448165947596317,1.3632110631730878
A150QX2OXHGK8P,15-2,15.0,2000.0,1.6683832586400282,1.112255505760019,1.9509249171214644,1.3006166114143096
A151XA53WYXVD7,15-2,15.0,2000.0,1.0162558239493622,0.6775038826329082,2.0881646678839876,1.392109778589325
A1618RA11ZOD8Y,15-2,15.0,2000.0,0.8463803389715494,0.5642535593143663,1.9746452890789095,1.316430192719273
A19X8IA9EKC3XH,15-2,15.0,2000.0,0.4977110497198356,0.33180736647989034,1.7664448941030297,1.1776299294020198
A1CFMY4CEYOM8Y,15-2,15.0,2000.0,0.9889344641538126,0.6592896427692084,1.6558237683227717,1.1038825122151812
A1E0K2VGY2684V,15-2,15.0,2000.0,1.65906739111248,1.1060449274083202,1.9762333530480949,1.3174889020320633
A1NQOR4RQJJDMW,15-2,15.0,2000.0,1.0923196178372971,0.7282130785581981,1.707622228894274,1.1384148192628492
A1PZIN8H1VI6SY,15-2,15.0,2000.0,0.2618709393745111,0.17458062624967408,2.2595137226135753,1.5063424817423836
A1QRIZY9WJW3R1,15-2,15.0,2000.0,0.28045774391324985,0.18697182927549993,1.5644849148007347,1.0429899432004899
A1QXJZFA5NVGM3,15-2,15.0,2000.0,0.11562383329126,0.07708255552750665,1.4986775516935356,0.9991183677956903
A1ROEDVMTO9Y3X,15-2,15.0,2000.0,1.827131572718172,1.218087715145448,1.7862964683212035,1.1908643122141358
A1SCF3L6LTFQHF,15-2,15.0,2000.0,0.08702325589135484,0.05801550392756989,2.063484900377756,1.3756566002518371
A1T7EB1WEDCMXV,15-2,15.0,2000.0,0.702756551238847,0.4685043674925647,1.7260569004101025,1.1507046002734018
A1TR2AOKWGQ78A,15-2,15.0,2000.0,1.3727024260196474,0.9151349506797649,1.8724237213709778,1.2482824809139854
A1UOP419O6P55R,15-2,15.0,2000.0,0.6292674276769926,0.4195116184513285,2.0711345353558612,1.3807563569039072
A1WM3INNDW2776,15-2,15.0,2000.0,1.7482723272931966,1.165514884862131,1.94757777351173,1.2983851823411532
A1Z82Y9E6YWY80,15-2,15.0,2000.0,1.8255208217117214,1.2170138811411475,2.221572460106314,1.4810483067375428
A2113B699TVADG,15-2,15.0,2000.0,0.1787914353639919,0.11919429024266126,2.0058194473900444,1.3372129649266964
A219SZBLCCCXN9,15-2,15.0,2000.0,1.113817493672374,0.7425449957815826,1.994289462747166,1.3295263084981104
A22GYYJXTS5KBH,15-2,15.0,2000.0,2.0191034744621494,1.3460689829747663,1.9557716544443489,1.3038477696295658
A22Y78RVB8UFTD,15-2,15.0,2000.0,1.6897246504758026,1.126483100317202,1.6194408040083048,1.0796272026722034
A233LLG8YAXWF,15-2,15.0,2000.0,0.8300127525104425,0.5533418350069615,1.7803773128543865,1.186918208569591
A24GX1OZE6AY04,15-2,15.0,2000.0,0.34652906820366164,0.23101937880244106,1.7258387691923378,1.1505591794615586
A26MT7KJ7NJLRN,15-2,15.0,2000.0,1.5186392348182964,1.012426156545531,1.8334535216960113,1.2223023477973407
A26T0U2Y6LZOF3,15-2,15.0,2000.0,1.1182428646550338,0.7454952431033558,2.5369533113423555,1.6913022075615705
A29J4LL0MQL3AC,15-2,15.0,2000.0,0.1957341769217055,0.130489451281137,1.8792411452120192,1.2528274301413462
A2G4R0GS677RC2,15-2,15.0,2000.0,1.2045893998888035,0.8030595999258691,2.0903958332903665,1.393597222193578
A2IV3SSVTU90BN,15-2,15.0,2000.0,1.0981729006230414,0.7321152670820277,1.4263816200316732,0.9509210800211156
A2KZN3UH5NGC9,15-2,15.0,2000.0,1.264276851558717,0.842851234372478,1.8154030838214674,1.2102687225476452
A2MBFIAGBPU5NG,15-2,15.0,2000.0,1.4030947328726873,0.9353964885817916,2.063291242894093,1.3755274952627286
A2O86E23R5T4YO,15-2,15.0,2000.0,0.41975394308325154,0.279835962055501,2.115566610008202,1.410377740005468
A2PTABUVOUYAH5,15-2,15.0,2000.0,1.2213107447227771,0.814207163148518,1.665331362340651,1.1102209082271006
A2R75YFKVALBXE,15-2,15.0,2000.0,0.4016542623275404,0.2677695082183603,1.5664718665814052,1.0443145777209366
A2RU1Q3C9VHBAO,15-2,15.0,2000.0,1.1158970053588075,0.7439313369058718,1.8612751594961043,1.2408501063307362
A2RVG8Y97DE0GM,15-2,15.0,2000.0,0.07570782180194825,0.05047188120129883,1.587245243008998,1.058163495339332
A2UJ9GDNVPX99C,15-2,15.0,2000.0,0.2868363503768858,0.19122423358459056,1.9412599250800286,1.294173283386686
A2UYZFH5VT5R3H,15-2,15.0,2000.0,0.4189538415717371,0.27930256104782475,1.5515693451894355,1.0343795634596236
A2Y8LZS5C81O25,15-2,15.0,2000.0,0.5870437316301487,0.3913624877534324,1.7349019807232833,1.1566013204821888
A30NL5N71G2YAU,15-2,15.0,2000.0,2.0974126967338926,1.3982751311559285,2.207371441182195,1.4715809607881298
A310Y949ILSN3P,15-2,15.0,2000.0,0.458231458462232,0.30548763897482134,1.701689007395796,1.134459338263864
A31P78W9ZCQXCS,15-2,15.0,2000.0,1.0939101237295012,0.7292734158196675,1.8872317609540554,1.2581545073027036
A347RDI3HZOUCY,15-2,15.0,2000.0,0.16629827874588496,0.1108655191639233,1.7383139703431605,1.1588759802287738
A34HQHGLIW1FYS,15-2,15.0,2000.0,0.8429799293853486,0.5619866195902323,2.05277011068455,1.3685134071230334
A34IPEKX5WXJIN,15-2,15.0,2000.0,0.803368427183615,0.5355789514557433,1.9971272282704002,1.3314181521802668
A34YNEN8UUI3CD,15-2,15.0,2000.0,1.3502073410396593,0.9001382273597729,1.7871253056457794,1.1914168704305197
A35VI4SE31HD17,15-2,15.0,2000.0,0.7929283425784793,0.5286188950523195,2.0588062978848445,1.3725375319232296
A36S0DI86PL4J6,15-2,15.0,2000.0,1.9251307615842985,1.283420507722866,1.8183078856742214,1.2122052571161477
A384KX8MUIJSTJ,15-2,15.0,2000.0,0.944000358825777,0.6293335725505179,1.423439517958232,0.9489596786388212
A38DHLB88V8DL8,15-2,15.0,2000.0,0.44349361556962846,0.2956624103797523,1.6707251515831272,1.113816767722085
A3AWQ3AACIPXM2,15-2,15.0,2000.0,2.021050123059377,1.3473667487062513,3.167138321231422,2.1114255474876145
A3BA2WMGN6KHUU,15-2,15.0,2000.0,1.4683932530986443,0.9789288353990964,1.860967833216518,1.2406452221443454
A3BN69Q9D7RQGR,15-2,15.0,2000.0,2.1729831448847308,1.4486554299231538,1.9684702726871999,1.3123135151247998
A3C25IBTLB60RQ,15-2,15.0,2000.0,1.8282322650285616,1.218821510019041,1.9509343243334514,1.3006228828889674
A3FOKP72T5I4FR,15-2,15.0,2000.0,1.5174691170299788,1.0116460780199859,1.6797914275897106,1.1198609517264737
A3HBB9JT9WVZS4,15-2,15.0,2000.0,1.514498338174802,1.0096655587832013,1.6278760090289592,1.0852506726859728
A3HOPYBWSR1TWR,15-2,15.0,2000.0,0.20367131064368194,0.1357808737624546,2.052555529374194,1.3683703529161293
A3IBDJ12CRTQQN,15-2,15.0,2000.0,0.4951605056079379,0.33010700373862517,1.737834823111511,1.1585565487410077
A3IHTJXHWPQ2JR,15-2,15.0,2000.0,1.314874733536177,0.8765831556907846,1.7850712897051624,1.1900475264701083
A3MWLHSW9B9RHU,15-2,15.0,2000.0,0.062296701897476825,0.041531134598317886,1.9943994349930865,1.3295996233287244
A3ORKXM3WG8QJ9,15-2,15.0,2000.0,0.06928995160692485,0.046193301071283235,1.7239782983879581,1.1493188655919722
A3P52W1SBJUT5N,15-2,15.0,2000.0,1.7198958660903862,1.1465972440602576,1.929432042165354,1.286288028110236
A3U27ZHUGOPIAN,15-2,15.0,2000.0,1.0828238617782122,0.7218825745188082,2.060739815051907,1.373826543367938
A3UA50A6GKNAMR,15-2,15.0,2000.0,1.0680709489398752,0.7120472992932501,2.351043111642869,1.5673620744285794
A3UE8ANAIM7F15,15-2,15.0,2000.0,1.6846899291961952,1.1231266194641303,1.7198352777604287,1.1465568518402858
A3UGB3B1S74HR9,15-2,15.0,2000.0,0.2127324551956317,0.14182163679708779,1.618799648478063,1.0791997656520418
A3UUW04QL49RSC,15-2,15.0,2000.0,0.19069097074355823,0.12712731382903886,1.718651495252374,1.1457676635015828
A6HDSE80LQPR8,15-2,15.0,2000.0,1.574644159360899,1.049762772907266,1.9708982512067523,1.313932167471168
AAOOH6P4HHSCS,15-2,15.0,2000.0,0.3365999919166339,0.22439999461108928,1.7837707353581869,1.1891804902387912
ADGJXUEMPLTMS,15-2,15.0,2000.0,0.49961991236642894,0.3330799415776192,1.9067433224618098,1.2711622149745399
AEF1G6YE8RIB8,15-2,15.0,2000.0,0.1387853114051991,0.09252354093679938,1.9938229776305672,1.329215318420378
AERGHZBQFT309,15-2,15.0,2000.0,0.40221603515402404,0.268144023436016,1.7224493923964133,1.1482995949309422
AESZJEZTZEW01,15-2,15.0,2000.0,1.4599801003428257,0.9733200668952169,1.7411241700582165,1.160749446705478
AEX1I7K7OVHHC,15-2,15.0,2000.0,0.3031441127738455,0.20209607518256364,2.139902936400057,1.426601957600038
AEXRVIK8SKB4V,15-2,15.0,2000.0,0.6204496199820095,0.41363307998800636,2.1915796907772433,1.461053127184829
AF0W4ZBY7VXOU,15-2,15.0,2000.0,0.9190915942600216,0.6127277295066811,1.6719616718256411,1.1146411145504276
AFZGUWYLC0NG0,15-2,15.0,2000.0,1.5737862157194722,1.0491908104796481,1.8236958348609287,1.2157972232406191
AGANKP4PUZ4NC,15-2,15.0,2000.0,1.1161984760501997,0.7441323173667999,1.859689725898667,1.2397931505991115
AHY3YAYJLTW32,15-2,15.0,2000.0,0.42270728491689413,0.28180485661126276,1.7055980885516406,1.1370653923677603
AL9SYQEUTNJXT,15-2,15.0,2000.0,0.5404704150609201,0.36031361004061335,2.1527753781092067,1.4351835854061377
ALDQRWYZ8KQ9A,15-2,15.0,2000.0,0.2236418000461394,0.14909453336409295,1.7328515372354127,1.155234358156942
AM65LGXJBTJ0I,15-2,15.0,2000.0,1.2257632702812775,0.8171755135208516,1.7193967017459113,1.1462644678306075
AOIR8V07FYMH5,15-2,15.0,2000.0,0.4275383466627594,0.2850255644418396,1.74474943319351,1.1631662887956735
AR0VJ5XRG16UJ,15-2,15.0,2000.0,0.6958420495878159,0.46389469972521064,2.158190218976862,1.4387934793179078
AU5UJIZ3TLI5M,15-2,15.0,2000.0,0.35404220644292506,0.2360281376286167,1.7009427061072138,1.1339618040714758
AW2UVK63OLFW,15-2,15.0,2000.0,1.8131217257050913,1.2087478171367276,1.8393874986464602,1.2262583324309735
AW5O1RK3W60FC,15-2,15.0,2000.0,1.0296635342840674,0.6864423561893782,1.8194074897160235,1.212938326477349
AWRY5SC68T0DC,15-2,15.0,2000.0,0.44859976270522894,0.2990665084701527,2.058073979395187,1.3720493195967913
AWTCGY2CL1T68,15-2,15.0,2000.0,0.14774724239174625,0.09849816159449751,2.1172337329712065,1.411489155314138
AXSBX0MCQNG3A,15-2,15.0,2000.0,0.1917759735261756,0.12785064901745036,2.125261752621469,1.416841168414313
A14WLAP6TCEKO0,30-1,30.0,1000.0,2.6282614169644805,0.87608713898816,3.6342270537619434,1.2114090179206478
A15V9BXNJXZXZX,30-1,30.0,1000.0,3.4838976513306585,1.1612992171102194,3.7056197857604083,1.2352065952534694
A16335MOISDG1F,30-1,30.0,1000.0,1.4485312339775043,0.4828437446591681,3.7274822944588517,1.2424940981529506
A17FJLW818UEQU,30-1,30.0,1000.0,0.40144314014729837,0.1338143800490994,3.40724780146385,1.135749267154617
A186PT9ZLO5EJD,30-1,30.0,1000.0,0.16812643802038274,0.05604214600679425,3.9549296619585794,1.3183098873195265
A1AS1H21O9896X,30-1,30.0,1000.0,3.463962706276992,1.154654235425664,4.3199826369588425,1.4399942123196139
A1AYTKAQT201ZV,30-1,30.0,1000.0,1.7789357008248852,0.5929785669416284,4.5334361731741355,1.5111453910580452
A1EII5EWOTBDK9,30-1,30.0,1000.0,1.6523654482708166,0.5507884827569388,3.901340088607655,1.3004466962025516
A1F9KLZGHE9DTA,30-1,30.0,1000.0,0.3720835858860041,0.12402786196200136,3.4514835296391597,1.15049450987972
A1IGKJ200N82S9,30-1,30.0,1000.0,1.9119285062169096,0.6373095020723032,3.835234857030216,1.2784116190100718
A1KGUJMWDCPSYG,30-1,30.0,1000.0,0.8382778525327164,0.27942595084423877,4.477714392314727,1.492571464104909
A1M1E62KXCDNL0,30-1,30.0,1000.0,2.714539989381592,0.9048466631271973,3.934068686180863,1.3113562287269542
A1MG8KNVSVZ365,30-1,30.0,1000.0,1.3135060271744923,0.43783534239149746,4.678395297966372,1.5594650993221242
A1MKEILXWWLBW2,30-1,30.0,1000.0,3.4266462204396535,1.1422154068132178,3.5534293003855817,1.1844764334618607
A1O67YS3DU0ZHX,30-1,30.0,1000.0,0.29278144595487154,0.09759381531829045,3.696570597669785,1.2321901992232618
A1Q0G8JA5EZ8EI,30-1,30.0,1000.0,2.0281914221211066,0.6760638073737022,3.430508701521668,1.1435029005072228
A1SLJKNSNHOJRN,30-1,30.0,1000.0,0.7890605599675544,0.26302018665585136,3.6138855495675393,1.204628516522513
A1T2P6E67251U5,30-1,30.0,1000.0,0.464246411135801,0.1547488037119337,3.9025369009177537,1.3008456336392515
A1U4WS9KJMADV,30-1,30.0,1000.0,1.6768579259994043,0.5589526419998014,3.694399072365842,1.2314663574552807
A1X4T3QSIE8YYX,30-1,30.0,1000.0,0.30618621784789724,0.10206207261596575,3.74793264595282,1.2493108819842733
A225J5T6WHO2MG,30-1,30.0,1000.0,1.0854972914657117,0.3618324304885706,3.7343122496974646,1.244770749899155
A23KDD6OPM4NJ0,30-1,30.0,1000.0,1.850304471324436,0.6167681571081455,4.4998037294344115,1.499934576478137
A25Y3D2Y2DR8WM,30-1,30.0,1000.0,3.2494001682297187,1.0831333894099062,3.740275766340549,1.2467585887801829
A26XKTGGGYBI4J,30-1,30.0,1000.0,0.7602238342378398,0.2534079447459466,4.077997113730771,1.3593323712435903
A28OD52SMLYQ16,30-1,30.0,1000.0,1.7636221006574138,0.5878740335524713,3.626326195719098,1.2087753985730327
A28TA25NJGLL3Y,30-1,30.0,1000.0,1.1702635686063414,0.3900878562021137,4.309310080378673,1.4364366934595574
A28ZPY6D5AS7GZ,30-1,30.0,1000.0,3.60558317123571,1.2018610570785697,3.71154516118181,1.2371817203939368
A2ASRB2MTHDHPD,30-1,30.0,1000.0,0.45137234896536915,0.15045744965512306,3.992552862535287,1.330850954178429
A2BUHMLNE3LUU0,30-1,30.0,1000.0,1.8371641782213166,0.6123880594071056,3.9234460536749345,1.3078153512249782
A2E2SLXF4KQ3S1,30-1,30.0,1000.0,0.2456826753479847,0.0818942251159949,3.7288220084847215,1.242940669494907
A2FJIZUHR6E4EZ,30-1,30.0,1000.0,2.1036354371809796,0.7012118123936598,4.281411077086254,1.4271370256954183
A2G2T6EMXAOKMS,30-1,30.0,1000.0,0.4009498655912262,0.1336499551970754,3.8013259696958226,1.2671086565652743
A2GRA6N98ZPIQ1,30-1,30.0,1000.0,0.11941178603334543,0.03980392867778182,4.483978898596306,1.4946596328654356
A2IKLJWU2OJ1YX,30-1,30.0,1000.0,0.7050832060475307,0.23502773534917692,3.711946578185381,1.2373155260617936
A2K5AXCSY703CU,30-1,30.0,1000.0,4.091327466233506,1.3637758220778349,3.71094447587846,1.2369814919594868
A2MV1R6YYOIO30,30-1,30.0,1000.0,1.908569173330117,0.6361897244433723,3.7420899317091365,1.2473633105697122
A2NU82V08QSPCC,30-1,30.0,1000.0,3.531348359340935,1.1771161197803117,3.531530929790037,1.177176976596679
A2NY0VWEWDULC6,30-1,30.0,1000.0,1.962865912538697,0.6542886375128989,3.5014968208260835,1.1671656069420278
A2OFVEA8BEJDZN,30-1,30.0,1000.0,2.113564998004158,0.7045216660013862,3.1572561635037313,1.0524187211679104
A2P83PY6P7ECM5,30-1,30.0,1000.0,3.9128435559427026,1.3042811853142344,2.269616509387871,0.7565388364626235
A2PUL3ZDXOW0VZ,30-1,30.0,1000.0,0.7713055319371341,0.2571018439790448,3.8837022893941713,1.2945674297980572
A2ROI30AQITC3V,30-1,30.0,1000.0,3.2126502849936243,1.070883428331208,4.277031746012671,1.4256772486708904
A2VZN8J53Y5WYR,30-1,30.0,1000.0,0.4533262355716932,0.1511087451905644,4.111449031158143,1.3704830103860477
A2XMRJKCNKLL4E,30-1,30.0,1000.0,3.0506526200104007,1.0168842066701336,3.9156051027233056,1.3052017009077685
A2Y0VM8BAF0RMT,30-1,30.0,1000.0,3.8007028310601694,1.2669009436867231,3.7413567079392687,1.2471189026464229
A2ZGAH6NOSU2PO,30-1,30.0,1000.0,0.21680977474179858,0.07226992491393283,3.696695894025079,1.2322319646750262
A30DHHAL100LZR,30-1,30.0,1000.0,1.0653672856565193,0.35512242855217313,3.9367475908426695,1.3122491969475565
A31SZFE8M7YK0S,30-1,30.0,1000.0,2.9120825544975504,0.9706941848325167,3.9601968263560026,1.3200656087853344
A34DYM8J0X5VK,30-1,30.0,1000.0,0.2771629019622708,0.09238763398742353,3.560128395435589,1.1867094651451964
A36IB78C6MVA3,30-1,30.0,1000.0,1.6717840794597518,0.5572613598199173,4.4901248274178345,1.4967082758059447
A389Y151TAJ4XG,30-1,30.0,1000.0,2.899548197956623,0.9665160659855411,4.7057769150080535,1.5685923050026847
A3AY0315YWWNXY,30-1,30.0,1000.0,1.9716442438517232,0.6572147479505746,3.6617081355013714,1.2205693785004572
A3EUH97BRHRSI6,30-1,30.0,1000.0,1.566227563713023,0.5220758545710076,4.106961868166213,1.3689872893887374
A3I97794CB5SUO,30-1,30.0,1000.0,1.1387411342739697,0.3795803780913232,3.872526461893714,1.2908421539645714
A3RVHUY67SVXQV,30-1,30.0,1000.0,2.677162196489549,0.8923873988298496,3.3619934132044356,1.120664471068145
A3TX84QHD321M7,30-1,30.0,1000.0,0.43189630704283866,0.14396543568094622,4.408906692595205,1.4696355641984016
A3UCN8EJI08X2P,30-1,30.0,1000.0,3.1904307253101747,1.063476908436725,3.864964738053164,1.2883215793510545
A3UQ5DF8VVD975,30-1,30.0,1000.0,0.5380349599484835,0.17934498664949447,3.83477345669752,1.2782578188991733
A3V71NT2X4HD1I,30-1,30.0,1000.0,0.8447637980584334,0.28158793268614446,4.10443454676533,1.3681448489217767
A51TGVVYJF7T0,30-1,30.0,1000.0,1.1665215314366084,0.38884051047886947,4.628616293718129,1.5428720979060433
A7USTT4KU1ZBO,30-1,30.0,1000.0,2.8737971374617617,0.9579323791539206,3.859835511628762,1.2866118372095874
AB5WBMZGLX57B,30-1,30.0,1000.0,3.7805557103506944,1.2601852367835646,3.241142118137476,1.0803807060458255
ACBROX4H8BSW3,30-1,30.0,1000.0,0.1556353774787153,0.051878459159571816,3.7062904763771187,1.235430158792373
ADJ9I7ZBFYFH7,30-1,30.0,1000.0,1.2402037103677013,0.41340123678923374,3.711366637309198,1.2371222124363992
AGILQEFEPEK7N,30-1,30.0,1000.0,3.376175270775228,1.125391756925076,3.792411571125214,1.2641371903750716
AH7HACNNRSIPO,30-1,30.0,1000.0,2.2447860831194575,0.7482620277064858,3.6941289600454157,1.2313763200151386
AIDU49N2KO05N,30-1,30.0,1000.0,2.4628505298130925,0.8209501766043642,4.318907482923685,1.4396358276412284
AJUVX0E4OPTAO,30-1,30.0,1000.0,0.33574545918204046,0.11191515306068016,4.413550672061653,1.4711835573538845
AK3GAHRZ6M6WM,30-1,30.0,1000.0,1.9835845520149258,0.6611948506716419,4.748252895791534,1.5827509652638447
AKE4AYF86KJVU,30-1,30.0,1000.0,2.760275511459326,0.9200918371531086,3.9405164613513914,1.3135054871171303
AKNBC1TE88NDO,30-1,30.0,1000.0,1.311038859356186,0.4370129531187287,3.630776644709567,1.2102588815698558
AKX4H8RT7BL7H,30-1,30.0,1000.0,0.18117981818344117,0.06039327272781373,3.669500106465463,1.2231667021551542
AOYDGVOZUIHII,30-1,30.0,1000.0,0.3788268887087907,0.1262756295695969,3.8208168524489645,1.2736056174829882
AP4B1GJIT3HYF,30-1,30.0,1000.0,3.600460559982965,1.2001535199943214,3.958056042915512,1.3193520143051707
AXFH1DT8PR0K2,30-1,30.0,1000.0,1.463671575549654,0.487890525183218,4.130263853475219,1.376754617825073
AXFP50XOZD2NI,30-1,30.0,1000.0,2.2579211122978635,0.7526403707659546,3.6475984528189254,1.2158661509396418
A12LX24NC3FP2U,20-2,20.0,2000.0,2.1038977746902603,1.0519488873451301,2.833688770074562,1.416844385037281
A161VPQSXLLV8U,20-2,20.0,2000.0,2.5232648552687387,1.2616324276343693,2.3995602150728024,1.1997801075364012
A166P9BSWIFF32,20-2,20.0,2000.0,0.5527309560859609,0.27636547804298045,2.8568660328143753,1.4284330164071877
A17IPELR5NC2LZ,20-2,20.0,2000.0,2.1094053449239705,1.0547026724619852,2.7923703187482434,1.3961851593741217
A17TMQWTCJVOV5,20-2,20.0,2000.0,1.564107282641776,0.782053641320888,2.377860713250091,1.1889303566250455
A1CB9NR3SN4VMY,20-2,20.0,2000.0,1.434924490809808,0.717462245404904,2.2501391316763857,1.1250695658381928
A1FM638CHGPC1M,20-2,20.0,2000.0,2.013569488441041,1.0067847442205204,2.5823442126629184,1.2911721063314592
A1HENLDLQEO5BZ,20-2,20.0,2000.0,0.0744375352671563,0.03721876763357815,2.7611973445988442,1.3805986722994221
A1J39RAV7TKEMF,20-2,20.0,2000.0,1.6609258322413425,0.8304629161206712,2.6310456938605014,1.3155228469302507
A1JL3HCA0MK9UI,20-2,20.0,2000.0,1.2047995598855534,0.6023997799427767,2.3268267964052254,1.1634133982026127
A1L5A88C9PPK5L,20-2,20.0,2000.0,0.0,0.0,2.683926739681513,1.3419633698407565
A1LA6CIGBNDOH9,20-2,20.0,2000.0,0.7378900906272758,0.3689450453136379,2.3660936121762255,1.1830468060881127
A1MD74JPL7E9PK,20-2,20.0,2000.0,0.23979576087134538,0.11989788043567269,2.3526121289631376,1.1763060644815688
A1O0K8V58YRL4A,20-2,20.0,2000.0,2.713689055600998,1.356844527800499,2.994283513294284,1.497141756647142
A1PTX4IB9R34LI,20-2,20.0,2000.0,1.809679842116612,0.904839921058306,2.4375102829114406,1.2187551414557203
A1S2EXYEG5I8HW,20-2,20.0,2000.0,0.6760865833297195,0.33804329166485975,2.2887330782983764,1.1443665391491882
A1SJLXB0XFCJ97,20-2,20.0,2000.0,1.2069745074108642,0.6034872537054321,2.264112698541622,1.132056349270811
A1TPGXT718D68E,20-2,20.0,2000.0,0.29483218206564576,0.14741609103282288,2.3856623098382856,1.1928311549191428
A1TVWMWE03AWAW,20-2,20.0,2000.0,0.25402980952684506,0.12701490476342253,2.0932615279966846,1.0466307639983423
A1VEOI1H4AE1T3,20-2,20.0,2000.0,1.1122867016137552,0.5561433508068776,2.628663125906371,1.3143315629531855
A1WT2CM71Z9MP3,20-2,20.0,2000.0,1.48111317213946,0.74055658606973,2.9929481026787514,1.4964740513393757
A20YXCVKHSTSPC,20-2,20.0,2000.0,0.7180703308172536,0.3590351654086268,2.4363472321324497,1.2181736160662249
A2147HO7VBGJCU,20-2,20.0,2000.0,1.3547014046315375,0.6773507023157688,2.824740768063106,1.412370384031553
A248QG4DPULP46,20-2,20.0,2000.0,1.6711893314721005,0.8355946657360502,2.4211308414773582,1.2105654207386791
A25S9Y5DZ9OR16,20-2,20.0,2000.0,2.323528347544035,1.1617641737720175,2.094227778307111,1.0471138891535554
A25VK411P03A5T,20-2,20.0,2000.0,1.4864847027684158,0.7432423513842079,2.3997187392192365,1.1998593696096183
A289D98Z4GAZ28,20-2,20.0,2000.0,0.4782463577760367,0.23912317888801835,2.4838744003082365,1.2419372001541182
A2BTEQA95MCIHU,20-2,20.0,2000.0,1.6182777142060654,0.8091388571030327,3.346727135530454,1.673363567765227
A2E8PL8ZWIZVJ0,20-2,20.0,2000.0,0.22437528684061903,0.11218764342030951,2.959977612820246,1.479988806410123
A2I6HVUDBTGD1,20-2,20.0,2000.0,0.7148942359582091,0.35744711797910456,2.7764095209823725,1.3882047604911862
A2KHR0GTA0DBWI,20-2,20.0,2000.0,1.9592246952354497,0.9796123476177249,2.4108918389463314,1.2054459194731657
A2KT30RCVX67ZS,20-2,20.0,2000.0,0.7369504003765478,0.3684752001882739,3.1164481118400693,1.5582240559200347
A2MMGDAA7JJKIE,20-2,20.0,2000.0,0.28695301613017976,0.14347650806508988,2.85087408435893,1.425437042179465
A2MOKIEQZ0OF2M,20-2,20.0,2000.0,0.9223258117036691,0.46116290585183456,2.3744033348980342,1.1872016674490171
A2NZ783AY1LBPW,20-2,20.0,2000.0,2.1637793293112466,1.0818896646556233,2.571541830916495,1.2857709154582475
A2NZAL7KHOR6VF,20-2,20.0,2000.0,0.22357448361152837,0.11178724180576419,2.4453599756503914,1.2226799878251957
A2OOS7IXSKJFFI,20-2,20.0,2000.0,2.0169431609579087,1.0084715804789544,2.823820201347732,1.411910100673866
A2P2YEHX1FXD20,20-2,20.0,2000.0,2.1481100239181736,1.0740550119590868,3.440170084042645,1.7200850420213225
A2QHI85LQPJZYP,20-2,20.0,2000.0,0.9378438598659672,0.4689219299329836,2.8592967173853054,1.4296483586926527
A2SSY7MHPDQVUS,20-2,20.0,2000.0,0.6284063526768364,0.3142031763384182,2.459814734902555,1.2299073674512775
A2UX2W49R55PH4,20-2,20.0,2000.0,1.850354055695301,0.9251770278476505,3.0726638040847702,1.5363319020423851
A2VIKCIM9TZL22,20-2,20.0,2000.0,0.8196828413826176,0.4098414206913088,2.2019236432541125,1.1009618216270562
A2XGHLVP2C1FVA,20-2,20.0,2000.0,1.3523070574730554,0.6761535287365277,2.436134808678889,1.2180674043394446
A2XVLOZY7FJCC2,20-2,20.0,2000.0,1.5378850021303487,0.7689425010651744,2.913833739154012,1.456916869577006
A2ZVBFH732LYXQ,20-2,20.0,2000.0,0.0,0.0,2.9369322801050144,1.4684661400525072
A304UJAE051J89,20-2,20.0,2000.0,1.431767981479282,0.715883990739641,2.2005547221279986,1.1002773610639993
A312HQ3OU0EYTB,20-2,20.0,2000.0,0.8297618419414782,0.4148809209707391,2.3062875303855233,1.1531437651927616
A35S8HPY0V445,20-2,20.0,2000.0,1.9839043383012802,0.9919521691506401,2.7722445685020145,1.3861222842510073
A37GOI3N77WX21,20-2,20.0,2000.0,1.5007444876255116,0.7503722438127558,2.37684243525708,1.18842121762854
A389UA2GRCJ6,20-2,20.0,2000.0,0.7899725008982679,0.39498625044913394,2.7358606640876557,1.3679303320438279
A3A7XOKH39SYOI,20-2,20.0,2000.0,1.0402933286972642,0.5201466643486321,2.8571325300855674,1.4285662650427837
A3B0CMCBWAND7,20-2,20.0,2000.0,0.43925160657674095,0.21962580328837047,2.3805619692625326,1.1902809846312663
A3C4WGE4SOGM1,20-2,20.0,2000.0,2.014606361766261,1.0073031808831305,2.7139049989738937,1.3569524994869469
A3CKVVGWBS4NGU,20-2,20.0,2000.0,0.09873366426076027,0.04936683213038014,2.184935761455971,1.0924678807279855
A3GDVKIN7ZGUG9,20-2,20.0,2000.0,0.749504601021781,0.3747523005108905,2.9128277241264593,1.4564138620632296
A3HE29W5IDR394,20-2,20.0,2000.0,1.4295260821751223,0.7147630410875612,2.5452477851981463,1.2726238925990732
A3I1SGVY37KR4A,20-2,20.0,2000.0,2.2385387239860255,1.1192693619930127,2.312592266964541,1.1562961334822706
A3J5HRXH4F64SP,20-2,20.0,2000.0,1.8221256771736143,0.9110628385868071,2.514592765145218,1.257296382572609
A3LVLZS8S41ZD7,20-2,20.0,2000.0,0.5614956448055394,0.2807478224027697,2.283334755939005,1.1416673779695026
A3LXARU55PR281,20-2,20.0,2000.0,0.9024678162003521,0.45123390810017605,2.8399926898064556,1.4199963449032278
A3TR3KIRG5PCZ8,20-2,20.0,2000.0,0.24777859570597718,0.12388929785298859,2.488104661371426,1.244052330685713
A3U2A632YWEX7B,20-2,20.0,2000.0,0.10077327723098715,0.05038663861549358,3.0082223671509194,1.5041111835754597
A3U69MNO1JC7V4,20-2,20.0,2000.0,0.06156240045755028,0.03078120022877514,2.4312064575529626,1.2156032287764813
A3UMHUWJKRGKNR,20-2,20.0,2000.0,1.1391054410750292,0.5695527205375146,2.564330605777197,1.2821653028885984
A3VW5PI9ZX9DOD,20-2,20.0,2000.0,0.6503844296955162,0.3251922148477581,2.3362207006796587,1.1681103503398294
A4HWADFPGP45G,20-2,20.0,2000.0,0.5913948772462675,0.29569743862313375,2.692799605137951,1.3463998025689754
AFRKVRPZ2RHY8,20-2,20.0,2000.0,0.27048582127599907,0.13524291063799954,2.2500422024025153,1.1250211012012576
AHZCC2V399WUN,20-2,20.0,2000.0,1.694119203601732,0.847059601800866,2.2218105689435452,1.1109052844717726
AJABAPM32ETMN,20-2,20.0,2000.0,1.0558014832672225,0.5279007416336112,2.484780873696415,1.2423904368482075
AK1EF4NACR1UJ,20-2,20.0,2000.0,0.7963844533766394,0.3981922266883197,3.0654249662128654,1.5327124831064327
AKIT35WR8HEQ3,20-2,20.0,2000.0,1.8372502846553413,0.9186251423276707,2.6220110519061772,1.3110055259530886
AP9WIQ4P78XLH,20-2,20.0,2000.0,1.7863834243603032,0.8931917121801516,2.544662851308721,1.2723314256543605
AR9AU5FY1S3RO,20-2,20.0,2000.0,0.18516739471764126,0.09258369735882063,2.420771479646027,1.2103857398230136
AXCDKBG1R43GE,20-2,20.0,2000.0,2.0997794527965743,1.0498897263982871,2.547733512884044,1.273866756442022
A102WSFN62OS6I,40-1,40.0,1000.0,4.431956717334662,1.1079891793336656,5.30598225442374,1.326495563605935
A13WTEQ06V3B6D,40-1,40.0,1000.0,0.2279469219422947,0.05698673048557368,5.283008032700011,1.3207520081750028
A178HXQENEAI65,40-1,40.0,1000.0,4.003575605921614,1.0008939014804035,5.148932295372471,1.2872330738431177
A1BLHM2IDH7DH4,40-1,40.0,1000.0,0.267498610778856,0.066874652694714,5.306853890186671,1.3267134725466678
A1DJB12ZI46GPX,40-1,40.0,1000.0,1.5390777791587662,0.38476944478969155,6.429438472823149,1.6073596182057872
A1DZMZTXWOM9MR,40-1,40.0,1000.0,0.24409535634401117,0.06102383908600279,4.820117371160798,1.2050293427901995
A1EU59VMI8GL4K,40-1,40.0,1000.0,1.8351506447491395,0.45878766118728487,4.932139332003834,1.2330348330009584
A1F0VEHWK3IAF4,40-1,40.0,1000.0,4.818369161933564,1.204592290483391,5.529961612110991,1.3824904030277478
A1HGWCCIWP7AO0,40-1,40.0,1000.0,5.270845484438278,1.3177113711095696,5.231496739036841,1.3078741847592104
A1IL5P5H5VRW0D,40-1,40.0,1000.0,1.191146833576694,0.2977867083941735,5.113766794487047,1.2784416986217617
A1J5OW12TRQSOW,40-1,40.0,1000.0,3.161797478844571,0.7904493697111428,5.374987747549042,1.3437469368872605
A1KCSGTT6Y26LH,40-1,40.0,1000.0,0.6827336394396437,0.17068340985991093,4.563010030158903,1.1407525075397258
A1RQ8PX7A0CH3C,40-1,40.0,1000.0,4.271536997819709,1.0678842494549272,6.544965464295715,1.6362413660739288
A1RY1N37JYUHBU,40-1,40.0,1000.0,1.6284493950533039,0.40711234876332597,6.258862138852373,1.5647155347130932
A1S54RQW9FDK0X,40-1,40.0,1000.0,3.589942124094984,0.897485531023746,5.264904359232498,1.3162260898081246
A1TG34GJ1WTN0C,40-1,40.0,1000.0,3.0551515704438157,0.7637878926109539,5.740740893940215,1.4351852234850537
A1UH6A625GF5MD,40-1,40.0,1000.0,0.3234403315461498,0.08086008288653745,5.285293841784413,1.3213234604461033
A1VHK9OFD7H8ZH,40-1,40.0,1000.0,1.018054992396534,0.2545137480991335,5.210235987243089,1.3025589968107723
A1ZLLYRW6GIVC7,40-1,40.0,1000.0,1.8732396772604523,0.46830991931511307,5.3056773182986685,1.3264193295746671
A20GJP9C5KC2ZU,40-1,40.0,1000.0,4.426387227598193,1.1065968068995482,6.094982026286813,1.5237455065717032
A23W5HVE02LM0E,40-1,40.0,1000.0,1.4677003885015316,0.3669250971253829,5.435263643236664,1.358815910809166
A2541C8MY0BYV3,40-1,40.0,1000.0,0.6916511986035023,0.17291279965087558,5.084336547817003,1.2710841369542507
A271830PNYAI2G,40-1,40.0,1000.0,3.4232481688406033,0.8558120422101508,5.01907288743213,1.2547682218580325
A29JQ7VMQ1HKYP,40-1,40.0,1000.0,4.046772265252859,1.0116930663132147,5.227666251578764,1.306916562894691
A2GUPBBFPPSXYR,40-1,40.0,1000.0,1.6168550773648394,0.40421376934120984,4.818385435129316,1.204596358782329
A2HRUFTA09371Y,40-1,40.0,1000.0,0.29617924449222904,0.07404481112305726,4.9246065943127775,1.2311516485781944
A2IK3H6MQ1QV6E,40-1,40.0,1000.0,1.7806879846012436,0.4451719961503109,5.021643304190467,1.2554108260476167
A2L7RTYO4UMYDH,40-1,40.0,1000.0,5.477036218763804,1.369259054690951,5.325338744678888,1.331334686169722
A2LI1OIR4BVJRW,40-1,40.0,1000.0,0.5978959421451543,0.14947398553628857,5.3616067024649565,1.3404016756162391
A2NEFRREWF33YP,40-1,40.0,1000.0,0.9274186024903402,0.23185465062258506,5.048866190630869,1.2622165476577172
A2P8V5SKYLL5I4,40-1,40.0,1000.0,0.949017893975665,0.23725447349391626,5.307450626596817,1.3268626566492043
A2PSU15S8ZI3V5,40-1,40.0,1000.0,0.45204108596862913,0.11301027149215728,4.947890422232484,1.236972605558121
A2QUSCZS3RXGXE,40-1,40.0,1000.0,4.344734335468852,1.086183583867213,5.089486986999509,1.2723717467498772
A2TUYGXQ15U6GO,40-1,40.0,1000.0,1.9001502226161424,0.4750375556540356,5.432162919184612,1.358040729796153
A2UEVNT8VQD1SA,40-1,40.0,1000.0,3.9589266790768867,0.9897316697692217,5.304590238350372,1.326147559587593
A2VR9O234UCT9T,40-1,40.0,1000.0,1.5472663856777116,0.3868165964194279,5.032894972984894,1.2582237432462235
A2WCPERU8X385N,40-1,40.0,1000.0,1.6140128285933757,0.4035032071483439,5.773123199243845,1.4432807998109614
A33GZS6SU4O20M,40-1,40.0,1000.0,5.1854543192050455,1.2963635798012614,5.933055163544225,1.4832637908860562
A38I0E8UK53ME5,40-1,40.0,1000.0,0.4216770788188858,0.10541926970472144,4.937748309127845,1.2344370772819613
A3BZH91MITQA5X,40-1,40.0,1000.0,3.3302877625627456,0.8325719406406864,5.314456656397268,1.328614164099317
A3NX66U9RAY2GQ,40-1,40.0,1000.0,2.580084988986365,0.6450212472465913,6.207315140382432,1.551828785095608
A3O40YLW6MYU8C,40-1,40.0,1000.0,4.203701179514951,1.0509252948787378,6.085363544030912,1.521340886007728
A3S2AUQWI7XWT4,40-1,40.0,1000.0,2.8117731426499977,0.7029432856624994,6.290719441956553,1.5726798604891383
A3SA9LY6RXKFOI,40-1,40.0,1000.0,2.1684329508487687,0.5421082377121922,6.51700655020378,1.629251637550945
A3SLT6KVF0NXPH,40-1,40.0,1000.0,0.7305050788414795,0.18262626971036988,5.395745841909251,1.3489364604773129
A3TNSJSXI464IT,40-1,40.0,1000.0,3.80781456987581,0.9519536424689525,5.064529940691788,1.266132485172947
A3TUJBPLJGTI5,40-1,40.0,1000.0,0.352421589112183,0.08810539727804576,5.160541508418364,1.290135377104591
A3VL1CBZ3BGQK7,40-1,40.0,1000.0,1.5644084043747493,0.3911021010936873,4.907866605350069,1.2269666513375173
A47VA451RDBV3,40-1,40.0,1000.0,0.5841837798681332,0.1460459449670333,5.520000235503605,1.3800000588759012
A92KVBM20ZTU4,40-1,40.0,1000.0,0.26682101304573497,0.06670525326143374,5.373900724496913,1.3434751811242283
AAF1SJ9FCBF75,40-1,40.0,1000.0,0.7945466853770166,0.19863667134425414,5.23694631524294,1.309236578810735
AAVFHZA708CSP,40-1,40.0,1000.0,2.6944640829726185,0.6736160207431546,5.7148217495050115,1.4287054373762529
ADL9KYXZGHUFO,40-1,40.0,1000.0,5.236400451573872,1.309100112893468,5.756262224500782,1.4390655561251955
AFLRBB974KS6D,40-1,40.0,1000.0,1.9043044064586576,0.4760761016146644,5.389732251461937,1.3474330628654843
AGB6853RIDWJ8,40-1,40.0,1000.0,3.5645084003535903,0.8911271000883976,5.350576835804601,1.3376442089511502
AGLFNO1XKM8O8,40-1,40.0,1000.0,2.3300042268089975,0.5825010567022494,5.425207484328293,1.3563018710820733
AH2C0LKV36ATT,40-1,40.0,1000.0,0.4026462871704907,0.10066157179262268,5.443046321097164,1.360761580274291
AKJN72HW14WTR,40-1,40.0,1000.0,0.7692642080472758,0.19231605201181895,5.3539011375781635,1.3384752843945409
AMIQGW2E3WYO4,40-1,40.0,1000.0,2.3143027484176977,0.5785756871044244,4.904604321301049,1.2261510803252622
ANCTZADQC3D75,40-1,40.0,1000.0,5.095726692173114,1.2739316730432786,5.7473486385782655,1.4368371596445664
AOQKJGXZ8QQD0,40-1,40.0,1000.0,2.1913422463618466,0.5478355615904617,5.76323081525684,1.44080770381421
AP3BTOBN8Y9EJ,40-1,40.0,1000.0,0.6723214797179649,0.1680803699294912,5.007577910810452,1.251894477702613
AQSYWZJVVMCGJ,40-1,40.0,1000.0,3.00809950190765,0.7520248754769125,5.385965993483434,1.3464914983708585
AR1IWBDA7MC86,40-1,40.0,1000.0,0.6814982814345274,0.17037457035863185,4.879398808283337,1.2198497020708343
AR3MFFPQ39IXF,40-1,40.0,1000.0,0.7329725721403584,0.1832431430350896,5.493424442810976,1.373356110702744
ARL0T0MU9A65G,40-1,40.0,1000.0,3.5251193699238175,0.8812798424809544,5.066517181433633,1.2666292953584082
ASVRLMDNQBUD9,40-1,40.0,1000.0,0.5966227994019534,0.14915569985048835,5.232919396710944,1.308229849177736
ATRRW34VN38IX,40-1,40.0,1000.0,4.364298751180856,1.091074687795214,4.959605644939661,1.2399014112349152
AVSVIOR38JDM6,40-1,40.0,1000.0,0.9459499351078976,0.2364874837769744,5.542339974398869,1.3855849935997173
AW0MG225VXWCN,40-1,40.0,1000.0,0.8389970611192179,0.20974926527980448,4.7847939822628245,1.1961984955657061
AW4PTI9P13WUB,40-1,40.0,1000.0,1.471801603960538,0.3679504009901345,6.660358576169471,1.6650896440423677
AXFCUZW85XUK1,40-1,40.0,1000.0,3.413616514215266,0.8534041285538165,5.773006315322586,1.4432515788306466
AYF9WH3AQIT86,40-1,40.0,1000.0,0.962184987879466,0.2405462469698665,5.103457748385134,1.2758644370962835
