subject,strategy,condition,l_length,pres_rate,scl
A10HW8JXM17XLD,rec,10-2,10.0,2000.0,0.5927845686859015
A12K1ADYMRSWMJ,prim,10-2,10.0,2000.0,0.4781475266426177
A14E4ISXVJVY6F,prim,10-2,10.0,2000.0,0.4604671145188322
A169XTOCOMO1MV,ns,10-2,10.0,2000.0,0.5184296766682521
A18NXRDHQ0ZSOY,ns,10-2,10.0,2000.0,0.523748924990268
A1969Q0R4Y0E3J,rec,10-2,10.0,2000.0,0.5059566653937441
A1AKL5YH9NLD2V,ns,10-2,10.0,2000.0,0.521508172733688
A1ARWNTZHGFG8Y,prim,10-2,10.0,2000.0,0.48376455237681526
A1F0R1MSPTXHHV,ns,10-2,10.0,2000.0,0.4709916486505247
A1GRPIBHW72HDU,rec,10-2,10.0,2000.0,0.4865075413435917
A1I9RLJQ0BYN21,prim,10-2,10.0,2000.0,0.4560912351667052
A1NG504QI5LI62,prim,10-2,10.0,2000.0,0.5186859196023211
A1NQ2A0UDW719R,prim,10-2,10.0,2000.0,0.562852359455286
A1P00XZZG7EEEM,prim,10-2,10.0,2000.0,0.5535191355879584
A1RFDB2WUV7QRO,ns,10-2,10.0,2000.0,0.6277320544262601
A1V2H0UF94ATWY,rec,10-2,10.0,2000.0,0.5186760516941495
A1W7T8V97ZPUH0,prim,10-2,10.0,2000.0,0.49633776891658976
A1WJIRT360P5VB,rec,10-2,10.0,2000.0,0.5479109374644542
A1WPGNK8Y65BV3,ns,10-2,10.0,2000.0,0.5445778447403073
A1XMGLCK09Z0DW,ns,10-2,10.0,2000.0,0.5264322920593195
A1YA2FCN3KEK36,prim,10-2,10.0,2000.0,0.48714634243860444
A20GD3EBBTBYY2,rec,10-2,10.0,2000.0,0.46643657194539667
A24BRTWG07T53Z,prim,10-2,10.0,2000.0,0.563983483897833
A27QXQ22F9ODSP,prim,10-2,10.0,2000.0,0.5132546618595616
A27T2Z568L69U1,prim,10-2,10.0,2000.0,0.5240556930285561
A282UM3NAIM0YO,ns,10-2,10.0,2000.0,0.525017262521583
A2BREH6STESM0G,rec,10-2,10.0,2000.0,0.62079936479962
A2FLBMZ38IZ2SQ,prim,10-2,10.0,2000.0,0.48058610832950754
A2FM1N5AOMVTGL,prim,10-2,10.0,2000.0,0.45680639736314066
A2FYFCD16Z3PCC,rec,10-2,10.0,2000.0,0.5131510383309523
A2H8PEGI28NKZD,ns,10-2,10.0,2000.0,0.5521699270473436
A2I6ZALE49CVSC,prim,10-2,10.0,2000.0,0.47350054181463713
A2KPEUCEE2M05G,prim,10-2,10.0,2000.0,0.5200597577757751
A2LJ1FRUYGW469,ns,10-2,10.0,2000.0,0.49066000301379675
A2M183CETUMR96,rec,10-2,10.0,2000.0,0.528221055622763
A2MUOD1JHWJ735,ns,10-2,10.0,2000.0,0.5467609654397598
A2NXMRPHG86N2T,ns,10-2,10.0,2000.0,0.5152202928944204
A2PQDK3MLDFXYM,rec,10-2,10.0,2000.0,0.5331688471651517
A2QRJKXTK4JDD8,ns,10-2,10.0,2000.0,0.5631844882407395
A2R970Q1Q2A6DJ,prim,10-2,10.0,2000.0,0.4150512710236256
A2VIKZ73Y5ABHM,ns,10-2,10.0,2000.0,0.5154168214527479
A2WYZLG8J526TQ,prim,10-2,10.0,2000.0,0.5149275817187342
A33X52IN60MSOE,rec,10-2,10.0,2000.0,0.5004198716847527
A348NEQKS6VNIB,rec,10-2,10.0,2000.0,0.5097963468169544
A349BBTU7L597J,prim,10-2,10.0,2000.0,0.5396114131109349
A3C8JI69WPTKWH,rec,10-2,10.0,2000.0,0.5467878825969238
A3CE7DTHIB76UK,ns,10-2,10.0,2000.0,0.5116063189555464
A3G55RJTW3BSGM,ns,10-2,10.0,2000.0,0.5400726998101852
A3GC5Q5CLI4NWZ,prim,10-2,10.0,2000.0,0.5088734774254356
A3J55BJGV95JKH,ns,10-2,10.0,2000.0,0.46447434106461155
A3MJQ51KN9CMQ4,prim,10-2,10.0,2000.0,0.5685309102874353
A3MOL1L9V4BUGH,ns,10-2,10.0,2000.0,0.5403479034779737
A3NAONPCTVT6P1,rec,10-2,10.0,2000.0,0.4937701408963727
A3PJY7THMUIR4M,ns,10-2,10.0,2000.0,0.5784087005726598
A3VV3MW68CALXS,prim,10-2,10.0,2000.0,0.5211973126966112
A489K1IFOM4JW,prim,10-2,10.0,2000.0,0.5325000628773526
A49HPQ9P5AHU4,rec,10-2,10.0,2000.0,0.5034789834602795
A55MEA9LQASZH,rec,10-2,10.0,2000.0,0.5354632848538117
A5P12YJP805RG,rec,10-2,10.0,2000.0,0.5075701200052347
A5TWD5QD99GZY,rec,10-2,10.0,2000.0,0.5236392901605456
A63UHNWYOV5LE,ns,10-2,10.0,2000.0,0.5023388409449395
AEP8U373W5Q54,prim,10-2,10.0,2000.0,0.5454641782527885
AK2PMO5I7OCEK,prim,10-2,10.0,2000.0,0.4738894340386703
AKNU5D6QK7M72,prim,10-2,10.0,2000.0,0.5868325597934678
AO5FQ7GY8DTR8,prim,10-2,10.0,2000.0,0.4519800429939985
ARIWYNIH12MLF,rec,10-2,10.0,2000.0,0.5030002693140074
AS4FVWL91C6HR,prim,10-2,10.0,2000.0,0.5491244894817702
AWJKR5GA7BS7V,ns,10-2,10.0,2000.0,0.48040050282259433
AZ69TBTDH7AZS,rec,10-2,10.0,2000.0,0.5359059516649349
AZ8NNCT4AODDN,prim,10-2,10.0,2000.0,0.4867057622813235
A10JXOU89D5RXR,ns,20-1,20.0,1000.0,0.570018159246866
A111FTKAAJ5UMC,prim,20-1,20.0,1000.0,0.49535658674216043
A11EZAV2HRYKD5,prim,20-1,20.0,1000.0,0.5209565885873954
A157L6Z8QU3SDE,rec,20-1,20.0,1000.0,0.5138262206456149
A16GIPTDMJAFTK,ns,20-1,20.0,1000.0,0.4861164128057059
A17R7WX5B0CKK6,rec,20-1,20.0,1000.0,0.5203635995236622
A17WB66BXX4R0J,prim,20-1,20.0,1000.0,0.5192611459519003
A19QRXLWV5GKXN,rec,20-1,20.0,1000.0,0.4941929856207862
A1CKIYN01NV9GJ,ns,20-1,20.0,1000.0,0.582984746662638
A1HLDOM6JTYYI2,prim,20-1,20.0,1000.0,0.5016140503214908
A1HR8IRDC07FO9,prim,20-1,20.0,1000.0,0.5192264808161464
A1J6CZ176U6GDT,rec,20-1,20.0,1000.0,0.47556600528476006
A1J9VZ372FV2QZ,rec,20-1,20.0,1000.0,0.49264981691774323
A1JI19KPIVNL3Y,ns,20-1,20.0,1000.0,0.5483028867226507
A1KH9VI2D0V43B,prim,20-1,20.0,1000.0,0.47027940657508316
A1LJ4WAEDGELVL,rec,20-1,20.0,1000.0,0.5901090392024673
A1OOCYEFLAJD98,ns,20-1,20.0,1000.0,0.5427040901327165
A1OW27AZS122X2,ns,20-1,20.0,1000.0,0.5150578637496255
A1R5JNC2LO6X1S,prim,20-1,20.0,1000.0,0.4886227670121564
A1SUTNVLSFPXFK,ns,20-1,20.0,1000.0,0.5095031424778911
A1V91Z2CQKMR55,rec,20-1,20.0,1000.0,0.5295082974551065
A1YFL5HXPZ7MVV,ns,20-1,20.0,1000.0,0.5376078055450442
A22UMPYYQBXT0F,rec,20-1,20.0,1000.0,0.49040429390156076
A26M997VYVK0E6,prim,20-1,20.0,1000.0,0.5022326636978296
A277V4SHQB8JRS,rec,20-1,20.0,1000.0,0.5153458409557499
A2E5PV1BHNG67N,ns,20-1,20.0,1000.0,0.5697859842776007
A2FQVRBXJZQAWT,prim,20-1,20.0,1000.0,0.4577680549415464
A2GM1ZIBRBHBK7,ns,20-1,20.0,1000.0,0.5357453108470458
A2ONILC0LZKG6Y,rec,20-1,20.0,1000.0,0.583536282646304
A2QX1SJXQN1NV1,prim,20-1,20.0,1000.0,0.5430087345599495
A2QY653X9531JP,ns,20-1,20.0,1000.0,0.4713517446505757
A2RBF3IIJP15IH,rec,20-1,20.0,1000.0,0.4714646585446111
A2RWLFIP23FZA7,prim,20-1,20.0,1000.0,0.5034712556258422
A2SBZCFAVT83GN,rec,20-1,20.0,1000.0,0.5643465556819128
A2SQGKP2REXOTN,prim,20-1,20.0,1000.0,0.521401280039593
A2SQTRNQWDLU4F,ns,20-1,20.0,1000.0,0.48089675149769584
A2SWQM5X54P1O5,ns,20-1,20.0,1000.0,0.5636325322263349
A2TG5ESEOPXAHI,prim,20-1,20.0,1000.0,0.5005717134719986
A2V6E7SGEU0EFD,ns,20-1,20.0,1000.0,0.5205850805340232
A2VXT33Y2TQPOQ,prim,20-1,20.0,1000.0,0.5282888208412936
A2XDWB9NVYI3LQ,rec,20-1,20.0,1000.0,0.5045250772845038
A3026HLELYNW7U,rec,20-1,20.0,1000.0,0.488531197489555
A351P2O6QGTCS,rec,20-1,20.0,1000.0,0.5134962304018992
A39R5EBK7W916X,ns,20-1,20.0,1000.0,0.504830275573332
A3D9PJ37U7LCHE,ns,20-1,20.0,1000.0,0.4918267659860705
A3EVXSWHYA1PTT,rec,20-1,20.0,1000.0,0.4897808691034551
A3GIUDSA1IGTFV,ns,20-1,20.0,1000.0,0.49960487499292733
A3HXK0UGS1YDMC,prim,20-1,20.0,1000.0,0.501729557321499
A3ITZNJQUTIZ4C,rec,20-1,20.0,1000.0,0.5316952330554255
A3MHP4LZ3V88NF,prim,20-1,20.0,1000.0,0.5347351876605677
A3NRIEMOJVVX4A,rec,20-1,20.0,1000.0,0.5338398627312724
A3PEV3KN6F7JRG,ns,20-1,20.0,1000.0,0.6020513297804011
A3QKOYP52HYRH2,rec,20-1,20.0,1000.0,0.5269967973441193
A3RFOODI4G4P4K,rec,20-1,20.0,1000.0,0.6020017029462823
A3RHJEMZ4EGY2U,rec,20-1,20.0,1000.0,0.557449449375593
A3S76P3L3USWI1,prim,20-1,20.0,1000.0,0.5307815073122087
A3USPFFWN1G5PF,rec,20-1,20.0,1000.0,0.5618936997350763
A50UY1556VDIA,ns,20-1,20.0,1000.0,0.554861187325622
A7R1OLLU1Z6RA,rec,20-1,20.0,1000.0,0.5234753258957603
AEJU0MCYOQC77,prim,20-1,20.0,1000.0,0.5263475499553678
AHU3EE2Q05E18,prim,20-1,20.0,1000.0,0.4636897161197537
AJD90361AJO80,ns,20-1,20.0,1000.0,0.5265668828264005
AK52RXEJKR81A,ns,20-1,20.0,1000.0,0.5053538262306757
AMJAZPJBO936R,prim,20-1,20.0,1000.0,0.5129989792681625
AOQZVAH5FSKGE,prim,20-1,20.0,1000.0,0.5135212827529382
AQCJI23U1VBYD,prim,20-1,20.0,1000.0,0.5132065454377089
AQPFTUIJ0PW2N,prim,20-1,20.0,1000.0,0.49359550362870624
AXFCUZ1WQC2WY,ns,20-1,20.0,1000.0,0.49185740220965796
AY7M9MOLNXIIK,ns,20-1,20.0,1000.0,0.48242807947709265
AZZA3J049G7R5,rec,20-1,20.0,1000.0,0.5313932242861426
A102RSV009OCUW,prim,15-2,15.0,2000.0,0.4990442773385122
A11BHGAKU0RIH8,rec,15-2,15.0,2000.0,0.5142557419512539
A13GBA16BNTN1A,rec,15-2,15.0,2000.0,0.49542956889509526
A13THDIE8LTQ11,ns,15-2,15.0,2000.0,0.5405535193520605
A150QX2OXHGK8P,rec,15-2,15.0,2000.0,0.5163033853990278
A151XA53WYXVD7,prim,15-2,15.0,2000.0,0.4992874084936971
A1618RA11ZOD8Y,rec,15-2,15.0,2000.0,0.5408453750083297
A19X8IA9EKC3XH,ns,15-2,15.0,2000.0,0.47130907228502666
A1CFMY4CEYOM8Y,rec,15-2,15.0,2000.0,0.5189318123333226
A1E0K2VGY2684V,ns,15-2,15.0,2000.0,0.510403289399456
A1NQOR4RQJJDMW,ns,15-2,15.0,2000.0,0.5092981760970473
A1PZIN8H1VI6SY,prim,15-2,15.0,2000.0,0.47133695056415187
A1QRIZY9WJW3R1,prim,15-2,15.0,2000.0,0.4875278860544928
A1QXJZFA5NVGM3,prim,15-2,15.0,2000.0,0.5071854005318889
A1ROEDVMTO9Y3X,ns,15-2,15.0,2000.0,0.49378822737057454
A1SCF3L6LTFQHF,prim,15-2,15.0,2000.0,0.5032538917708126
A1T7EB1WEDCMXV,ns,15-2,15.0,2000.0,0.5160992244890251
A1TR2AOKWGQ78A,ns,15-2,15.0,2000.0,0.5049835544748059
A1UOP419O6P55R,prim,15-2,15.0,2000.0,0.5710283259215303
A1WM3INNDW2776,ns,15-2,15.0,2000.0,0.5258747740300079
A1Z82Y9E6YWY80,ns,15-2,15.0,2000.0,0.4959975552739388
A2113B699TVADG,prim,15-2,15.0,2000.0,0.4857344964065743
A219SZBLCCCXN9,prim,15-2,15.0,2000.0,0.47921113376250335
A22GYYJXTS5KBH,ns,15-2,15.0,2000.0,0.49393271324973026
A22Y78RVB8UFTD,ns,15-2,15.0,2000.0,0.4947717170810717
A233LLG8YAXWF,rec,15-2,15.0,2000.0,0.5019075835534497
A24GX1OZE6AY04,ns,15-2,15.0,2000.0,0.5247502979964986
A26MT7KJ7NJLRN,ns,15-2,15.0,2000.0,0.5184420185550784
A26T0U2Y6LZOF3,rec,15-2,15.0,2000.0,0.5742192589032564
A29J4LL0MQL3AC,prim,15-2,15.0,2000.0,0.5140098789285235
A2G4R0GS677RC2,rec,15-2,15.0,2000.0,0.40416327287268117
A2IV3SSVTU90BN,ns,15-2,15.0,2000.0,0.5394079594065806
A2KZN3UH5NGC9,rec,15-2,15.0,2000.0,0.5157682461532099
A2MBFIAGBPU5NG,prim,15-2,15.0,2000.0,0.5097511508643144
A2O86E23R5T4YO,prim,15-2,15.0,2000.0,0.4949590670182916
A2PTABUVOUYAH5,ns,15-2,15.0,2000.0,0.49034222257218607
A2R75YFKVALBXE,rec,15-2,15.0,2000.0,0.5892784029011235
A2RU1Q3C9VHBAO,prim,15-2,15.0,2000.0,0.5244342962710035
A2RVG8Y97DE0GM,prim,15-2,15.0,2000.0,0.5362437219147425
A2UJ9GDNVPX99C,prim,15-2,15.0,2000.0,0.5065905636891481
A2UYZFH5VT5R3H,rec,15-2,15.0,2000.0,0.5121547285861994
A2Y8LZS5C81O25,prim,15-2,15.0,2000.0,0.4756138430659344
A30NL5N71G2YAU,ns,15-2,15.0,2000.0,0.5568721877508115
A310Y949ILSN3P,prim,15-2,15.0,2000.0,0.48778939113330155
A31P78W9ZCQXCS,ns,15-2,15.0,2000.0,0.5239642696703602
A347RDI3HZOUCY,prim,15-2,15.0,2000.0,0.48232389793380964
A34HQHGLIW1FYS,ns,15-2,15.0,2000.0,0.5089523535374822
A34IPEKX5WXJIN,prim,15-2,15.0,2000.0,0.47527950035294186
A34YNEN8UUI3CD,ns,15-2,15.0,2000.0,0.5731683798127589
A35VI4SE31HD17,prim,15-2,15.0,2000.0,0.45776542721702485
A36S0DI86PL4J6,prim,15-2,15.0,2000.0,0.47241158922920207
A384KX8MUIJSTJ,ns,15-2,15.0,2000.0,0.5299259955055867
A38DHLB88V8DL8,rec,15-2,15.0,2000.0,0.5108692944566446
A3AWQ3AACIPXM2,ns,15-2,15.0,2000.0,0.5040927034245353
A3BA2WMGN6KHUU,ns,15-2,15.0,2000.0,0.4562848466961998
A3BN69Q9D7RQGR,ns,15-2,15.0,2000.0,0.4640399527622823
A3C25IBTLB60RQ,prim,15-2,15.0,2000.0,0.46661102890494605
A3FOKP72T5I4FR,ns,15-2,15.0,2000.0,0.5672789061303904
A3HBB9JT9WVZS4,ns,15-2,15.0,2000.0,0.5139710944818895
A3HOPYBWSR1TWR,prim,15-2,15.0,2000.0,0.4976024468229272
A3IBDJ12CRTQQN,prim,15-2,15.0,2000.0,0.5036752878241195
A3IHTJXHWPQ2JR,rec,15-2,15.0,2000.0,0.4807317514869284
A3MWLHSW9B9RHU,prim,15-2,15.0,2000.0,0.48305284997673653
A3ORKXM3WG8QJ9,prim,15-2,15.0,2000.0,0.5297173146286259
A3P52W1SBJUT5N,ns,15-2,15.0,2000.0,0.4959094383779975
A3U27ZHUGOPIAN,prim,15-2,15.0,2000.0,0.5319167301880037
A3UA50A6GKNAMR,prim,15-2,15.0,2000.0,0.47378336242880736
A3UE8ANAIM7F15,ns,15-2,15.0,2000.0,0.5294640257228937
A3UGB3B1S74HR9,prim,15-2,15.0,2000.0,0.4711797600829991
A3UUW04QL49RSC,prim,15-2,15.0,2000.0,0.5343609314576963
A6HDSE80LQPR8,rec,15-2,15.0,2000.0,0.4671737054563446
AAOOH6P4HHSCS,prim,15-2,15.0,2000.0,0.5254715149384013
ADGJXUEMPLTMS,prim,15-2,15.0,2000.0,0.5081499945101099
AEF1G6YE8RIB8,prim,15-2,15.0,2000.0,0.5127776003321736
AERGHZBQFT309,ns,15-2,15.0,2000.0,0.5356711555050349
AESZJEZTZEW01,ns,15-2,15.0,2000.0,0.47856668716867756
AEX1I7K7OVHHC,rec,15-2,15.0,2000.0,0.49966137814156825
AEXRVIK8SKB4V,prim,15-2,15.0,2000.0,0.5423025772813169
AF0W4ZBY7VXOU,rec,15-2,15.0,2000.0,0.5257266868027538
AFZGUWYLC0NG0,ns,15-2,15.0,2000.0,0.5625249344193552
AGANKP4PUZ4NC,prim,15-2,15.0,2000.0,0.5148080215113253
AHY3YAYJLTW32,rec,15-2,15.0,2000.0,0.4998632802232934
AL9SYQEUTNJXT,prim,15-2,15.0,2000.0,0.5060185481112424
ALDQRWYZ8KQ9A,rec,15-2,15.0,2000.0,0.5233285894983944
AM65LGXJBTJ0I,ns,15-2,15.0,2000.0,0.5154636150821298
AOIR8V07FYMH5,rec,15-2,15.0,2000.0,0.582369047934331
AR0VJ5XRG16UJ,rec,15-2,15.0,2000.0,0.49270471484150113
AU5UJIZ3TLI5M,rec,15-2,15.0,2000.0,0.5157407756064285
AW2UVK63OLFW,ns,15-2,15.0,2000.0,0.5224310553945887
AW5O1RK3W60FC,rec,15-2,15.0,2000.0,0.5912293504681625
AWRY5SC68T0DC,prim,15-2,15.0,2000.0,0.4811385524362219
AWTCGY2CL1T68,prim,15-2,15.0,2000.0,0.4963139298312656
AXSBX0MCQNG3A,prim,15-2,15.0,2000.0,0.5227596621010143
A14WLAP6TCEKO0,rec,30-1,30.0,1000.0,0.5590709788187027
A15V9BXNJXZXZX,ns,30-1,30.0,1000.0,0.4764584244511293
A16335MOISDG1F,rec,30-1,30.0,1000.0,0.548584414233716
A17FJLW818UEQU,rec,30-1,30.0,1000.0,0.5321226202397791
A186PT9ZLO5EJD,prim,30-1,30.0,1000.0,0.48779048051824936
A1AS1H21O9896X,ns,30-1,30.0,1000.0,0.5414253571391296
A1AYTKAQT201ZV,prim,30-1,30.0,1000.0,0.47884792598896375
A1EII5EWOTBDK9,rec,30-1,30.0,1000.0,0.5161842986892359
A1F9KLZGHE9DTA,rec,30-1,30.0,1000.0,0.501614625683688
A1IGKJ200N82S9,rec,30-1,30.0,1000.0,0.527585557135955
A1KGUJMWDCPSYG,rec,30-1,30.0,1000.0,0.5009381106993505
A1M1E62KXCDNL0,ns,30-1,30.0,1000.0,0.5089910355996436
A1MG8KNVSVZ365,prim,30-1,30.0,1000.0,0.5164933807762042
A1MKEILXWWLBW2,rec,30-1,30.0,1000.0,0.5321779659943581
A1O67YS3DU0ZHX,rec,30-1,30.0,1000.0,0.5329972882970032
A1Q0G8JA5EZ8EI,rec,30-1,30.0,1000.0,0.5805997327041061
A1SLJKNSNHOJRN,rec,30-1,30.0,1000.0,0.571745646834251
A1T2P6E67251U5,prim,30-1,30.0,1000.0,0.5134317425257902
A1U4WS9KJMADV,rec,30-1,30.0,1000.0,0.5408719952300055
A1X4T3QSIE8YYX,prim,30-1,30.0,1000.0,0.5105312618589087
A225J5T6WHO2MG,prim,30-1,30.0,1000.0,0.4966078528981476
A23KDD6OPM4NJ0,prim,30-1,30.0,1000.0,0.541511738971441
A25Y3D2Y2DR8WM,prim,30-1,30.0,1000.0,0.5149094298889494
A26XKTGGGYBI4J,prim,30-1,30.0,1000.0,0.5163424330783545
A28OD52SMLYQ16,rec,30-1,30.0,1000.0,0.5103000464698938
A28TA25NJGLL3Y,prim,30-1,30.0,1000.0,0.550627135104389
A28ZPY6D5AS7GZ,ns,30-1,30.0,1000.0,0.4947195640262337
A2ASRB2MTHDHPD,prim,30-1,30.0,1000.0,0.48620613526185963
A2BUHMLNE3LUU0,ns,30-1,30.0,1000.0,0.46984758701579055
A2E2SLXF4KQ3S1,prim,30-1,30.0,1000.0,0.5002200145774021
A2FJIZUHR6E4EZ,prim,30-1,30.0,1000.0,0.5260313912593131
A2G2T6EMXAOKMS,rec,30-1,30.0,1000.0,0.6034615503010882
A2GRA6N98ZPIQ1,prim,30-1,30.0,1000.0,0.5095438134396064
A2IKLJWU2OJ1YX,prim,30-1,30.0,1000.0,0.48689222528763954
A2K5AXCSY703CU,ns,30-1,30.0,1000.0,0.5293183704753273
A2MV1R6YYOIO30,prim,30-1,30.0,1000.0,0.5177603139621906
A2NU82V08QSPCC,prim,30-1,30.0,1000.0,0.5023213897679275
A2NY0VWEWDULC6,rec,30-1,30.0,1000.0,0.5700120031583525
A2OFVEA8BEJDZN,ns,30-1,30.0,1000.0,0.5179123369154403
A2P83PY6P7ECM5,ns,30-1,30.0,1000.0,0.5197995918699566
A2PUL3ZDXOW0VZ,rec,30-1,30.0,1000.0,0.503021413524708
A2ROI30AQITC3V,ns,30-1,30.0,1000.0,0.4870714443937925
A2VZN8J53Y5WYR,prim,30-1,30.0,1000.0,0.5046480641569067
A2XMRJKCNKLL4E,ns,30-1,30.0,1000.0,0.5109408232058138
A2Y0VM8BAF0RMT,ns,30-1,30.0,1000.0,0.5004180991095802
A2ZGAH6NOSU2PO,rec,30-1,30.0,1000.0,0.5835833692337913
A30DHHAL100LZR,ns,30-1,30.0,1000.0,0.48197302128975905
A31SZFE8M7YK0S,ns,30-1,30.0,1000.0,0.5282346032878339
A34DYM8J0X5VK,rec,30-1,30.0,1000.0,0.5492942520353716
A36IB78C6MVA3,prim,30-1,30.0,1000.0,0.5615325174038401
A389Y151TAJ4XG,ns,30-1,30.0,1000.0,0.48468991464480177
A3AY0315YWWNXY,rec,30-1,30.0,1000.0,0.5136277770486478
A3EUH97BRHRSI6,rec,30-1,30.0,1000.0,0.50649811727121
A3I97794CB5SUO,rec,30-1,30.0,1000.0,0.5451999349554196
A3RVHUY67SVXQV,ns,30-1,30.0,1000.0,0.49835399558794324
A3TX84QHD321M7,prim,30-1,30.0,1000.0,0.4909949852268436
A3UCN8EJI08X2P,ns,30-1,30.0,1000.0,0.5109678378402736
A3UQ5DF8VVD975,rec,30-1,30.0,1000.0,0.5920099170352604
A3V71NT2X4HD1I,prim,30-1,30.0,1000.0,0.46430731829164285
A51TGVVYJF7T0,prim,30-1,30.0,1000.0,0.5171281363486278
A7USTT4KU1ZBO,ns,30-1,30.0,1000.0,0.5649296412340462
AB5WBMZGLX57B,ns,30-1,30.0,1000.0,0.5030612774892312
ACBROX4H8BSW3,rec,30-1,30.0,1000.0,0.5073979123146827
ADJ9I7ZBFYFH7,rec,30-1,30.0,1000.0,0.5117259440319778
AGILQEFEPEK7N,ns,30-1,30.0,1000.0,0.475297026204062
AH7HACNNRSIPO,ns,30-1,30.0,1000.0,0.5149402408661914
AIDU49N2KO05N,ns,30-1,30.0,1000.0,0.4928437018431453
AJUVX0E4OPTAO,prim,30-1,30.0,1000.0,0.5236087441846429
AK3GAHRZ6M6WM,rec,30-1,30.0,1000.0,0.48903513872583365
AKE4AYF86KJVU,rec,30-1,30.0,1000.0,0.5144581063379146
AKNBC1TE88NDO,rec,30-1,30.0,1000.0,0.5717428635405511
AKX4H8RT7BL7H,rec,30-1,30.0,1000.0,0.5512786775654134
AOYDGVOZUIHII,prim,30-1,30.0,1000.0,0.5287707119941936
AP4B1GJIT3HYF,ns,30-1,30.0,1000.0,0.49753376701992824
AXFH1DT8PR0K2,prim,30-1,30.0,1000.0,0.4627224902109057
AXFP50XOZD2NI,rec,30-1,30.0,1000.0,0.4950980669606689
A12LX24NC3FP2U,ns,20-2,20.0,2000.0,0.5059466245125097
A161VPQSXLLV8U,ns,20-2,20.0,2000.0,0.5045020203689627
A166P9BSWIFF32,prim,20-2,20.0,2000.0,0.49658445902103365
A17IPELR5NC2LZ,prim,20-2,20.0,2000.0,0.536347042308102
A17TMQWTCJVOV5,rec,20-2,20.0,2000.0,0.5380827020275312
A1CB9NR3SN4VMY,prim,20-2,20.0,2000.0,0.4971001867479101
A1FM638CHGPC1M,ns,20-2,20.0,2000.0,0.5120821461139897
A1HENLDLQEO5BZ,prim,20-2,20.0,2000.0,0.5116330153605425
A1J39RAV7TKEMF,ns,20-2,20.0,2000.0,0.48741025826488504
A1JL3HCA0MK9UI,prim,20-2,20.0,2000.0,0.5540333998873588
A1L5A88C9PPK5L,prim,20-2,20.0,2000.0,0.5356457099981967
A1LA6CIGBNDOH9,rec,20-2,20.0,2000.0,0.5096292049758223
A1MD74JPL7E9PK,prim,20-2,20.0,2000.0,0.4764589768291759
A1O0K8V58YRL4A,ns,20-2,20.0,2000.0,0.4332936721935327
A1PTX4IB9R34LI,rec,20-2,20.0,2000.0,0.5250937383176817
A1S2EXYEG5I8HW,rec,20-2,20.0,2000.0,0.5467847393310593
A1SJLXB0XFCJ97,prim,20-2,20.0,2000.0,0.44770597202257784
A1TPGXT718D68E,rec,20-2,20.0,2000.0,0.5521349151278292
A1TVWMWE03AWAW,rec,20-2,20.0,2000.0,0.5692388408656319
A1VEOI1H4AE1T3,prim,20-2,20.0,2000.0,0.4822757060324876
A1WT2CM71Z9MP3,prim,20-2,20.0,2000.0,0.49867526896307357
A20YXCVKHSTSPC,prim,20-2,20.0,2000.0,0.4916206604566974
A2147HO7VBGJCU,prim,20-2,20.0,2000.0,0.5309425924341092
A248QG4DPULP46,ns,20-2,20.0,2000.0,0.5513755106275616
A25S9Y5DZ9OR16,prim,20-2,20.0,2000.0,0.5490928552050696
A25VK411P03A5T,rec,20-2,20.0,2000.0,0.5130863038391893
A289D98Z4GAZ28,prim,20-2,20.0,2000.0,0.5304344379847449
A2BTEQA95MCIHU,prim,20-2,20.0,2000.0,0.49375887458032597
A2E8PL8ZWIZVJ0,prim,20-2,20.0,2000.0,0.5214672656375166
A2I6HVUDBTGD1,prim,20-2,20.0,2000.0,0.48882308866193286
A2KHR0GTA0DBWI,rec,20-2,20.0,2000.0,0.4905203350292995
A2KT30RCVX67ZS,prim,20-2,20.0,2000.0,0.5010560948283207
A2MMGDAA7JJKIE,prim,20-2,20.0,2000.0,0.4996015316582287
A2MOKIEQZ0OF2M,prim,20-2,20.0,2000.0,0.4986489873015352
A2NZ783AY1LBPW,prim,20-2,20.0,2000.0,0.4862450399049135
A2NZAL7KHOR6VF,rec,20-2,20.0,2000.0,0.5239465806971819
A2OOS7IXSKJFFI,ns,20-2,20.0,2000.0,0.5605506720663131
A2P2YEHX1FXD20,rec,20-2,20.0,2000.0,0.5986505504086032
A2QHI85LQPJZYP,prim,20-2,20.0,2000.0,0.48163612775292397
A2SSY7MHPDQVUS,prim,20-2,20.0,2000.0,0.5092331350950816
A2UX2W49R55PH4,prim,20-2,20.0,2000.0,0.4969873476354975
A2VIKCIM9TZL22,rec,20-2,20.0,2000.0,0.49753754463090427
A2XGHLVP2C1FVA,ns,20-2,20.0,2000.0,0.5069112806549811
A2XVLOZY7FJCC2,rec,20-2,20.0,2000.0,0.5222548056464994
A2ZVBFH732LYXQ,prim,20-2,20.0,2000.0,0.4883506078234389
A304UJAE051J89,rec,20-2,20.0,2000.0,0.555787895253079
A312HQ3OU0EYTB,rec,20-2,20.0,2000.0,0.5679412460837296
A35S8HPY0V445,ns,20-2,20.0,2000.0,0.49985890765816754
A37GOI3N77WX21,ns,20-2,20.0,2000.0,0.5018614353512705
A389UA2GRCJ6,prim,20-2,20.0,2000.0,0.4990998506604095
A3A7XOKH39SYOI,prim,20-2,20.0,2000.0,0.497206496306949
A3B0CMCBWAND7,rec,20-2,20.0,2000.0,0.5471205141613333
A3C4WGE4SOGM1,ns,20-2,20.0,2000.0,0.5208077371421989
A3CKVVGWBS4NGU,prim,20-2,20.0,2000.0,0.49824366429027456
A3GDVKIN7ZGUG9,rec,20-2,20.0,2000.0,0.5256445631188715
A3HE29W5IDR394,rec,20-2,20.0,2000.0,0.5933485615700201
A3I1SGVY37KR4A,ns,20-2,20.0,2000.0,0.4984965673716957
A3J5HRXH4F64SP,ns,20-2,20.0,2000.0,0.5436435347085858
A3LVLZS8S41ZD7,rec,20-2,20.0,2000.0,0.605256870983388
A3LXARU55PR281,ns,20-2,20.0,2000.0,0.5590670019514092
A3TR3KIRG5PCZ8,prim,20-2,20.0,2000.0,0.4895297453032856
A3U2A632YWEX7B,prim,20-2,20.0,2000.0,0.49658537737101116
A3U69MNO1JC7V4,rec,20-2,20.0,2000.0,0.5283948264642073
A3UMHUWJKRGKNR,rec,20-2,20.0,2000.0,0.5170605164478596
A3VW5PI9ZX9DOD,ns,20-2,20.0,2000.0,0.48309582007169133
A4HWADFPGP45G,ns,20-2,20.0,2000.0,0.4834880696598
AFRKVRPZ2RHY8,rec,20-2,20.0,2000.0,0.5161334506119832
AHZCC2V399WUN,ns,20-2,20.0,2000.0,0.5120979441336275
AJABAPM32ETMN,rec,20-2,20.0,2000.0,0.49439383959690125
AK1EF4NACR1UJ,prim,20-2,20.0,2000.0,0.4915774323314684
AKIT35WR8HEQ3,prim,20-2,20.0,2000.0,0.5253081549549847
AP9WIQ4P78XLH,rec,20-2,20.0,2000.0,0.509667860147355
AR9AU5FY1S3RO,rec,20-2,20.0,2000.0,0.5305334241568416
AXCDKBG1R43GE,ns,20-2,20.0,2000.0,0.53475761593338
A102WSFN62OS6I,ns,40-1,40.0,1000.0,0.5091068841202891
A13WTEQ06V3B6D,rec,40-1,40.0,1000.0,0.5890332920640761
A178HXQENEAI65,rec,40-1,40.0,1000.0,0.5203774010807289
A1BLHM2IDH7DH4,prim,40-1,40.0,1000.0,0.48619269251019664
A1DJB12ZI46GPX,prim,40-1,40.0,1000.0,0.5107344967293242
A1DZMZTXWOM9MR,rec,40-1,40.0,1000.0,0.5310608465461214
A1EU59VMI8GL4K,rec,40-1,40.0,1000.0,0.5141472896425031
A1F0VEHWK3IAF4,ns,40-1,40.0,1000.0,0.49116459404348517
A1HGWCCIWP7AO0,ns,40-1,40.0,1000.0,0.4781819401811855
A1IL5P5H5VRW0D,prim,40-1,40.0,1000.0,0.5370716659672099
A1J5OW12TRQSOW,ns,40-1,40.0,1000.0,0.4651127134117932
A1KCSGTT6Y26LH,prim,40-1,40.0,1000.0,0.5246510692832216
A1RQ8PX7A0CH3C,rec,40-1,40.0,1000.0,0.5268540061621194
A1RY1N37JYUHBU,prim,40-1,40.0,1000.0,0.5368210558021526
A1S54RQW9FDK0X,ns,40-1,40.0,1000.0,0.5270952540887386
A1TG34GJ1WTN0C,prim,40-1,40.0,1000.0,0.5530891194125895
A1UH6A625GF5MD,prim,40-1,40.0,1000.0,0.5245857740415218
A1VHK9OFD7H8ZH,rec,40-1,40.0,1000.0,0.4848538751576972
A1ZLLYRW6GIVC7,rec,40-1,40.0,1000.0,0.5738457404365696
A20GJP9C5KC2ZU,ns,40-1,40.0,1000.0,0.5637274014312766
A23W5HVE02LM0E,prim,40-1,40.0,1000.0,0.5023886606421664
A2541C8MY0BYV3,rec,40-1,40.0,1000.0,0.514976203526515
A271830PNYAI2G,rec,40-1,40.0,1000.0,0.6319266839010096
A29JQ7VMQ1HKYP,ns,40-1,40.0,1000.0,0.48032677310416816
A2GUPBBFPPSXYR,prim,40-1,40.0,1000.0,0.49229859113106667
A2HRUFTA09371Y,rec,40-1,40.0,1000.0,0.5546788028417401
A2IK3H6MQ1QV6E,rec,40-1,40.0,1000.0,0.5546211731771159
A2L7RTYO4UMYDH,ns,40-1,40.0,1000.0,0.505125641410217
A2LI1OIR4BVJRW,prim,40-1,40.0,1000.0,0.5143678776082771
A2NEFRREWF33YP,rec,40-1,40.0,1000.0,0.5614915208893089
A2P8V5SKYLL5I4,rec,40-1,40.0,1000.0,0.49935909532890504
A2PSU15S8ZI3V5,prim,40-1,40.0,1000.0,0.5006902219300395
A2QUSCZS3RXGXE,ns,40-1,40.0,1000.0,0.5080023367124373
A2TUYGXQ15U6GO,prim,40-1,40.0,1000.0,0.4928810744163264
A2UEVNT8VQD1SA,ns,40-1,40.0,1000.0,0.5249085554300708
A2VR9O234UCT9T,rec,40-1,40.0,1000.0,0.6525341224443806
A2WCPERU8X385N,prim,40-1,40.0,1000.0,0.5186935037633742
A33GZS6SU4O20M,ns,40-1,40.0,1000.0,0.4989247939507736
A38I0E8UK53ME5,rec,40-1,40.0,1000.0,0.6046577958014825
A3BZH91MITQA5X,ns,40-1,40.0,1000.0,0.4932770683331742
A3NX66U9RAY2GQ,prim,40-1,40.0,1000.0,0.49169034566624803
A3O40YLW6MYU8C,prim,40-1,40.0,1000.0,0.4963802865127138
A3S2AUQWI7XWT4,prim,40-1,40.0,1000.0,0.49918637158193335
A3SA9LY6RXKFOI,prim,40-1,40.0,1000.0,0.5021426235022745
A3SLT6KVF0NXPH,prim,40-1,40.0,1000.0,0.5348242547974299
A3TNSJSXI464IT,ns,40-1,40.0,1000.0,0.491043108827794
A3TUJBPLJGTI5,rec,40-1,40.0,1000.0,0.5438300871898601
A3VL1CBZ3BGQK7,ns,40-1,40.0,1000.0,0.5396823716071336
A47VA451RDBV3,prim,40-1,40.0,1000.0,0.4876077865944732
A92KVBM20ZTU4,rec,40-1,40.0,1000.0,0.5885896821233102
AAF1SJ9FCBF75,rec,40-1,40.0,1000.0,0.5332792943390648
AAVFHZA708CSP,ns,40-1,40.0,1000.0,0.5055749373798017
ADL9KYXZGHUFO,ns,40-1,40.0,1000.0,0.47675366333698965
AFLRBB974KS6D,ns,40-1,40.0,1000.0,0.4980541385981573
AGB6853RIDWJ8,ns,40-1,40.0,1000.0,0.5429446708687384
AGLFNO1XKM8O8,rec,40-1,40.0,1000.0,0.5133503782592674
AH2C0LKV36ATT,prim,40-1,40.0,1000.0,0.4688183763336183
AKJN72HW14WTR,rec,40-1,40.0,1000.0,0.5835571849190337
AMIQGW2E3WYO4,rec,40-1,40.0,1000.0,0.5576213003561359
ANCTZADQC3D75,ns,40-1,40.0,1000.0,0.49746859262760024
AOQKJGXZ8QQD0,prim,40-1,40.0,1000.0,0.5156979777238465
AP3BTOBN8Y9EJ,rec,40-1,40.0,1000.0,0.5360784504258597
AQSYWZJVVMCGJ,prim,40-1,40.0,1000.0,0.5081401849293382
AR1IWBDA7MC86,rec,40-1,40.0,1000.0,0.5969549760644972
AR3MFFPQ39IXF,rec,40-1,40.0,1000.0,0.5591534820657954
ARL0T0MU9A65G,prim,40-1,40.0,1000.0,0.5045112289878095
ASVRLMDNQBUD9,rec,40-1,40.0,1000.0,0.5211132262340189
ATRRW34VN38IX,rec,40-1,40.0,1000.0,0.5329268414858912
AVSVIOR38JDM6,prim,40-1,40.0,1000.0,0.49010808016296203
AW0MG225VXWCN,rec,40-1,40.0,1000.0,0.5586002562351079
AW4PTI9P13WUB,prim,40-1,40.0,1000.0,0.5004576258027732
AXFCUZW85XUK1,ns,40-1,40.0,1000.0,0.49048734811703226
AYF9WH3AQIT86,prim,40-1,40.0,1000.0,0.4941371528059649
