subject,condition,l_length,pres_rate,prim_slope,prim_intercept,rec_slope,rec_intercept
A10HW8JXM17XLD,10-2,10.0,2000.0,0.00625,0.4479166666666667,0.08541666666666665,0.48958333333333337
A12K1ADYMRSWMJ,10-2,10.0,2000.0,0.029166666666666674,0.5625,1.1102230246251566e-17,0.6125
A14E4ISXVJVY6F,10-2,10.0,2000.0,0.002083333333333315,0.8354166666666666,-0.035416666666666666,0.9645833333333331
A169XTOCOMO1MV,10-2,10.0,2000.0,0.0,0.47916666666666663,0.04375000000000001,0.3354166666666666
A18NXRDHQ0ZSOY,10-2,10.0,2000.0,0.0,0.55,-0.00625,0.59375
A1969Q0R4Y0E3J,10-2,10.0,2000.0,0.03333333333333334,0.38333333333333336,0.06666666666666667,0.47500000000000003
A1AKL5YH9NLD2V,10-2,10.0,2000.0,0.02083333333333334,0.7208333333333334,-0.004166666666666674,0.9208333333333333
A1ARWNTZHGFG8Y,10-2,10.0,2000.0,-0.02291666666666667,0.5145833333333333,0.002083333333333343,0.44375
A1F0R1MSPTXHHV,10-2,10.0,2000.0,0.014583333333333321,0.26458333333333334,-0.018750000000000003,0.35208333333333336
A1GRPIBHW72HDU,10-2,10.0,2000.0,-0.05624999999999998,0.7979166666666666,0.11874999999999998,0.44375
A1I9RLJQ0BYN21,10-2,10.0,2000.0,-0.03333333333333334,0.625,0.029166666666666674,0.3708333333333333
A1NG504QI5LI62,10-2,10.0,2000.0,0.01249999999999999,0.6458333333333334,0.029166666666666664,0.6125
A1NQ2A0UDW719R,10-2,10.0,2000.0,0.0020833333333333316,0.31041666666666673,0.05208333333333334,0.2020833333333333
A1P00XZZG7EEEM,10-2,10.0,2000.0,0.016666666666666673,0.34166666666666656,0.02916666666666667,0.27083333333333326
A1RFDB2WUV7QRO,10-2,10.0,2000.0,-0.050000000000000024,0.6083333333333334,0.08749999999999998,0.26250000000000007
A1V2H0UF94ATWY,10-2,10.0,2000.0,0.02083333333333335,0.37499999999999994,0.09791666666666667,0.4895833333333332
A1W7T8V97ZPUH0,10-2,10.0,2000.0,0.025000000000000012,0.48749999999999993,-0.004166666666666663,0.5625
A1WJIRT360P5VB,10-2,10.0,2000.0,0.004166666666666674,0.47083333333333327,0.09375,0.59375
A1WPGNK8Y65BV3,10-2,10.0,2000.0,-0.09583333333333333,0.8458333333333333,0.14791666666666667,0.14375000000000004
A1XMGLCK09Z0DW,10-2,10.0,2000.0,-0.018750000000000003,0.76875,-0.04375000000000001,0.83125
A1YA2FCN3KEK36,10-2,10.0,2000.0,-0.025000000000000036,0.6583333333333334,0.010416666666666685,0.6020833333333333
A20GD3EBBTBYY2,10-2,10.0,2000.0,0.002083333333333315,0.59375,0.03958333333333334,0.4520833333333334
A24BRTWG07T53Z,10-2,10.0,2000.0,-0.12083333333333335,0.8166666666666668,0.1625,0.03749999999999998
A27QXQ22F9ODSP,10-2,10.0,2000.0,0.014583333333333327,0.5520833333333335,0.02499999999999998,0.5583333333333335
A27T2Z568L69U1,10-2,10.0,2000.0,-0.022916666666666686,0.6645833333333334,0.014583333333333327,0.6312500000000001
A282UM3NAIM0YO,10-2,10.0,2000.0,0.004166666666666641,0.55,-0.016666666666666653,0.6583333333333332
A2BREH6STESM0G,10-2,10.0,2000.0,0.002083333333333337,0.36458333333333337,0.04583333333333334,0.27499999999999997
A2FLBMZ38IZ2SQ,10-2,10.0,2000.0,-0.002083333333333337,0.75625,0.04999999999999999,0.5875000000000001
A2FM1N5AOMVTGL,10-2,10.0,2000.0,0.031250000000000014,0.4979166666666666,0.050000000000000024,0.39166666666666666
A2FYFCD16Z3PCC,10-2,10.0,2000.0,-0.008333333333333337,0.9,0.027083333333333327,0.8145833333333334
A2H8PEGI28NKZD,10-2,10.0,2000.0,-0.07083333333333335,0.7583333333333333,0.13541666666666669,0.23541666666666666
A2I6ZALE49CVSC,10-2,10.0,2000.0,-0.15625,1.2270833333333333,0.1645833333333333,-0.18958333333333333
A2KPEUCEE2M05G,10-2,10.0,2000.0,-0.15000000000000002,1.0166666666666666,0.14583333333333334,0.15416666666666656
A2LJ1FRUYGW469,10-2,10.0,2000.0,0.016666666666666653,0.6833333333333333,0.006250000000000023,0.66875
A2M183CETUMR96,10-2,10.0,2000.0,-0.01458333333333335,0.6770833333333334,0.09791666666666665,0.53125
A2MUOD1JHWJ735,10-2,10.0,2000.0,-0.08333333333333334,1.0625,-0.00625,0.83125
A2NXMRPHG86N2T,10-2,10.0,2000.0,-0.05833333333333333,0.7708333333333333,0.12916666666666665,0.36250000000000004
A2PQDK3MLDFXYM,10-2,10.0,2000.0,-0.02499999999999998,0.7374999999999999,0.0625,0.6833333333333333
A2QRJKXTK4JDD8,10-2,10.0,2000.0,-0.012500000000000018,0.5833333333333335,-0.008333333333333371,0.6166666666666667
A2R970Q1Q2A6DJ,10-2,10.0,2000.0,-0.039583333333333325,0.48124999999999996,-0.018750000000000003,0.4395833333333333
A2VIKZ73Y5ABHM,10-2,10.0,2000.0,-0.012500000000000011,0.8166666666666667,-0.03958333333333332,0.9312499999999999
A2WYZLG8J526TQ,10-2,10.0,2000.0,0.03333333333333334,0.5833333333333333,0.04583333333333334,0.5291666666666668
A33X52IN60MSOE,10-2,10.0,2000.0,-0.1125,0.7625,0.1291666666666667,0.2624999999999999
A348NEQKS6VNIB,10-2,10.0,2000.0,-0.09583333333333333,0.9416666666666667,0.14583333333333334,0.15416666666666667
A349BBTU7L597J,10-2,10.0,2000.0,-0.004166666666666663,0.2833333333333334,0.01041666666666668,0.22291666666666665
A3C8JI69WPTKWH,10-2,10.0,2000.0,-0.016666666666666663,0.9624999999999999,0.03541666666666665,0.7895833333333333
A3CE7DTHIB76UK,10-2,10.0,2000.0,-0.041666666666666664,0.6625000000000001,-0.018750000000000003,0.54375
A3G55RJTW3BSGM,10-2,10.0,2000.0,0.054166666666666675,0.14166666666666666,0.14166666666666666,0.3
A3GC5Q5CLI4NWZ,10-2,10.0,2000.0,-0.014583333333333316,0.8604166666666666,0.024999999999999967,0.7375
A3J55BJGV95JKH,10-2,10.0,2000.0,0.1729166666666667,-0.2520833333333333,0.03541666666666665,0.70625
A3MJQ51KN9CMQ4,10-2,10.0,2000.0,0.002083333333333326,0.51875,-0.02083333333333336,0.6166666666666667
A3MOL1L9V4BUGH,10-2,10.0,2000.0,-0.010416666666666685,0.5895833333333333,-0.010416666666666675,0.6604166666666667
A3NAONPCTVT6P1,10-2,10.0,2000.0,3.33066907387547e-17,0.6416666666666665,-0.010416666666666675,0.6770833333333333
A3PJY7THMUIR4M,10-2,10.0,2000.0,-0.016666666666666687,0.5166666666666667,0.08333333333333333,0.2944444444444445
A3VV3MW68CALXS,10-2,10.0,2000.0,-0.014583333333333344,0.44791666666666663,-0.027083333333333338,0.46875
A489K1IFOM4JW,10-2,10.0,2000.0,0.014583333333333337,0.5979166666666669,-0.004166666666666674,0.6666666666666666
A49HPQ9P5AHU4,10-2,10.0,2000.0,-0.07500000000000001,0.8333333333333335,0.050000000000000024,0.6583333333333332
A55MEA9LQASZH,10-2,10.0,2000.0,0.022916666666666703,0.4770833333333332,0.03124999999999998,0.53125
A5P12YJP805RG,10-2,10.0,2000.0,-0.014583333333333344,0.3229166666666667,0.11041666666666664,0.4354166666666667
A5TWD5QD99GZY,10-2,10.0,2000.0,-0.07083333333333333,0.9958333333333335,0.052083333333333315,0.7354166666666666
A63UHNWYOV5LE,10-2,10.0,2000.0,-0.030555555555555548,0.3916666666666666,-0.019444444444444448,0.3083333333333333
AEP8U373W5Q54,10-2,10.0,2000.0,-1.1102230246251566e-17,0.7791666666666667,0.01249999999999999,0.6625
AK2PMO5I7OCEK,10-2,10.0,2000.0,-0.002083333333333326,0.6354166666666667,0.03541666666666669,0.5354166666666665
AKNU5D6QK7M72,10-2,10.0,2000.0,-0.01458333333333336,0.6770833333333334,0.07500000000000001,0.3708333333333334
AO5FQ7GY8DTR8,10-2,10.0,2000.0,-0.01666666666666668,0.5,-0.016666666666666653,0.4083333333333332
ARIWYNIH12MLF,10-2,10.0,2000.0,-0.04166666666666667,0.6833333333333333,-0.0125,0.5541666666666667
AS4FVWL91C6HR,10-2,10.0,2000.0,-0.027083333333333327,0.8020833333333333,-2.2204460492503132e-17,0.6625000000000001
AWJKR5GA7BS7V,10-2,10.0,2000.0,0.018750000000000034,0.49791666666666645,0.027083333333333327,0.49374999999999997
AZ69TBTDH7AZS,10-2,10.0,2000.0,0.008333333333333331,0.2041666666666667,0.14791666666666664,0.32708333333333345
AZ8NNCT4AODDN,10-2,10.0,2000.0,-0.008333333333333337,0.55,0.025,0.49166666666666675
A10JXOU89D5RXR,20-1,20.0,1000.0,-0.05625,0.54375,0.15208333333333332,0.1562500000000001
A111FTKAAJ5UMC,20-1,20.0,1000.0,-0.037500000000000006,0.6916666666666668,-0.01041666666666668,0.53125
A11EZAV2HRYKD5,20-1,20.0,1000.0,0.04583333333333335,0.5166666666666667,0.0,0.6333333333333333
A157L6Z8QU3SDE,20-1,20.0,1000.0,-0.0625,0.43749999999999994,0.16458333333333333,0.16874999999999996
A16GIPTDMJAFTK,20-1,20.0,1000.0,-0.029166666666666664,0.5708333333333334,0.027083333333333348,0.38541666666666663
A17R7WX5B0CKK6,20-1,20.0,1000.0,0.002083333333333337,0.5562500000000001,0.052083333333333315,0.40625000000000006
A17WB66BXX4R0J,20-1,20.0,1000.0,-0.0854166666666667,0.7604166666666667,0.002083333333333337,0.47291666666666665
A19QRXLWV5GKXN,20-1,20.0,1000.0,-0.03333333333333334,0.5125,0.02083333333333335,0.34583333333333327
A1CKIYN01NV9GJ,20-1,20.0,1000.0,0.020833333333333336,0.004166666666666666,0.1125,0.35416666666666663
A1HLDOM6JTYYI2,20-1,20.0,1000.0,-0.1125,0.9500000000000001,0.1875,-0.050000000000000044
A1HR8IRDC07FO9,20-1,20.0,1000.0,-0.00416666666666668,0.45833333333333337,0.002083333333333337,0.31458333333333327
A1J6CZ176U6GDT,20-1,20.0,1000.0,-0.027083333333333338,0.6687500000000002,0.07708333333333334,0.31875000000000003
A1J9VZ372FV2QZ,20-1,20.0,1000.0,-0.010416666666666664,0.5229166666666666,0.0125,0.375
A1JI19KPIVNL3Y,20-1,20.0,1000.0,-0.11250000000000003,0.8708333333333336,0.11041666666666666,0.04791666666666666
A1KH9VI2D0V43B,20-1,20.0,1000.0,-0.002083333333333365,0.5229166666666669,0.031249999999999997,0.3479166666666666
A1LJ4WAEDGELVL,20-1,20.0,1000.0,-0.08333333333333331,0.7833333333333332,0.1875,0.029166666666666674
A1OOCYEFLAJD98,20-1,20.0,1000.0,-0.13333333333333333,0.825,0.04583333333333333,0.7000000000000001
A1OW27AZS122X2,20-1,20.0,1000.0,-0.05208333333333335,0.5979166666666668,0.04375000000000001,0.3145833333333334
A1R5JNC2LO6X1S,20-1,20.0,1000.0,0.01458333333333336,0.6729166666666666,0.03333333333333334,0.5666666666666668
A1SUTNVLSFPXFK,20-1,20.0,1000.0,0.002083333333333343,0.41874999999999996,0.035416666666666693,0.3229166666666665
A1V91Z2CQKMR55,20-1,20.0,1000.0,0.035416666666666666,0.018750000000000003,0.1375,0.22083333333333327
A1YFL5HXPZ7MVV,20-1,20.0,1000.0,1.1102230246251566e-17,0.3833333333333333,-0.002083333333333326,0.39375
A22UMPYYQBXT0F,20-1,20.0,1000.0,-0.07708333333333334,0.48958333333333337,0.18125,0.07291666666666674
A26M997VYVK0E6,20-1,20.0,1000.0,-0.018750000000000003,0.7645833333333334,0.03750000000000001,0.525
A277V4SHQB8JRS,20-1,20.0,1000.0,-0.09375,0.9479166666666666,0.10416666666666669,0.5041666666666667
A2E5PV1BHNG67N,20-1,20.0,1000.0,-0.029166666666666664,0.37083333333333335,0.004166666666666666,0.2375
A2FQVRBXJZQAWT,20-1,20.0,1000.0,-0.07916666666666666,0.8041666666666667,-0.05,0.6083333333333334
A2GM1ZIBRBHBK7,20-1,20.0,1000.0,0.03125000000000001,0.22708333333333333,0.00625,0.27708333333333335
A2ONILC0LZKG6Y,20-1,20.0,1000.0,-0.09999999999999999,0.8999999999999999,0.125,0.4125
A2QX1SJXQN1NV1,20-1,20.0,1000.0,-0.03333333333333333,0.29166666666666663,-0.037500000000000006,0.4291666666666667
A2QY653X9531JP,20-1,20.0,1000.0,-0.025000000000000012,0.42500000000000004,0.03333333333333334,0.21666666666666656
A2RBF3IIJP15IH,20-1,20.0,1000.0,-0.13541666666666666,0.9395833333333334,0.13333333333333333,0.14583333333333337
A2RWLFIP23FZA7,20-1,20.0,1000.0,-0.039583333333333325,0.54375,0.03125000000000002,0.3020833333333333
A2SBZCFAVT83GN,20-1,20.0,1000.0,-0.052777777777777805,0.6083333333333334,0.10277777777777777,0.2749999999999999
A2SQGKP2REXOTN,20-1,20.0,1000.0,-0.044444444444444425,0.6333333333333333,-0.008333333333333333,0.07500000000000001
A2SQTRNQWDLU4F,20-1,20.0,1000.0,0.04166666666666667,0.13333333333333336,0.03333333333333334,0.19999999999999996
A2SWQM5X54P1O5,20-1,20.0,1000.0,-0.175,1.0083333333333333,0.15208333333333335,0.2354166666666666
A2TG5ESEOPXAHI,20-1,20.0,1000.0,-0.039583333333333345,0.6354166666666667,0.02083333333333333,0.375
A2V6E7SGEU0EFD,20-1,20.0,1000.0,-0.027083333333333327,0.3270833333333333,0.15000000000000002,0.25416666666666654
A2VXT33Y2TQPOQ,20-1,20.0,1000.0,0.0020833333333333537,0.5312499999999999,0.006249999999999995,0.4645833333333333
A2XDWB9NVYI3LQ,20-1,20.0,1000.0,0.027083333333333327,0.28958333333333336,0.029166666666666653,0.325
A3026HLELYNW7U,20-1,20.0,1000.0,-0.01874999999999999,0.60625,0.05625000000000002,0.3770833333333333
A351P2O6QGTCS,20-1,20.0,1000.0,-0.05277777777777779,0.4083333333333334,0.16111111111111112,0.12777777777777766
A39R5EBK7W916X,20-1,20.0,1000.0,0.04583333333333333,0.18750000000000003,-2.7755575615628915e-18,0.24999999999999994
A3D9PJ37U7LCHE,20-1,20.0,1000.0,-0.06666666666666668,0.5833333333333334,-0.004166666666666663,0.21249999999999997
A3EVXSWHYA1PTT,20-1,20.0,1000.0,-0.02083333333333333,0.975,0.05416666666666664,0.7000000000000002
A3GIUDSA1IGTFV,20-1,20.0,1000.0,-0.011111111111111127,0.46111111111111125,-0.005555555555555558,0.38888888888888884
A3HXK0UGS1YDMC,20-1,20.0,1000.0,-0.0125,0.3916666666666666,0.004166666666666674,0.3666666666666667
A3ITZNJQUTIZ4C,20-1,20.0,1000.0,-0.15833333333333335,0.8666666666666667,0.12083333333333333,0.3958333333333334
A3MHP4LZ3V88NF,20-1,20.0,1000.0,-0.07083333333333332,0.8166666666666667,-5.551115123125783e-18,0.5291666666666666
A3NRIEMOJVVX4A,20-1,20.0,1000.0,-0.049999999999999996,0.26249999999999996,0.11666666666666665,0.2958333333333333
A3PEV3KN6F7JRG,20-1,20.0,1000.0,-0.04583333333333334,0.40416666666666673,-0.0125,0.19583333333333333
A3QKOYP52HYRH2,20-1,20.0,1000.0,-0.027083333333333348,0.7229166666666668,0.02083333333333334,0.4625
A3RFOODI4G4P4K,20-1,20.0,1000.0,0.014583333333333316,0.4270833333333334,0.13125,0.1812499999999999
A3RHJEMZ4EGY2U,20-1,20.0,1000.0,-0.027083333333333327,0.6145833333333333,0.09166666666666667,0.3041666666666666
A3S76P3L3USWI1,20-1,20.0,1000.0,-0.07500000000000001,0.5625,-0.0041666666666666605,0.3083333333333333
A3USPFFWN1G5PF,20-1,20.0,1000.0,0.004166666666666674,0.3458333333333333,0.1375,0.10833333333333334
A50UY1556VDIA,20-1,20.0,1000.0,0.00625,0.20625,-0.02083333333333333,0.22083333333333333
A7R1OLLU1Z6RA,20-1,20.0,1000.0,-0.12083333333333335,0.8083333333333335,0.13125,0.2979166666666666
AC7CDW53I98JT,20-1,20.0,1000.0,-0.020833333333333322,0.5499999999999999,0.035416666666666645,0.3604166666666667
AEJU0MCYOQC77,20-1,20.0,1000.0,-0.019444444444444438,0.4916666666666666,-0.005555555555555558,0.3777777777777778
AHU3EE2Q05E18,20-1,20.0,1000.0,-0.022916666666666675,0.43125,0.016666666666666663,0.2833333333333334
AJD90361AJO80,20-1,20.0,1000.0,0.014583333333333337,0.34375000000000006,0.004166666666666647,0.3208333333333334
AK52RXEJKR81A,20-1,20.0,1000.0,-0.05277777777777777,0.575,0.02500000000000001,0.33611111111111114
AMJAZPJBO936R,20-1,20.0,1000.0,-0.02291666666666664,0.8187499999999999,0.03749999999999999,0.43750000000000006
AOQZVAH5FSKGE,20-1,20.0,1000.0,0.018750000000000003,0.26875,0.004166666666666668,0.325
AQCJI23U1VBYD,20-1,20.0,1000.0,-0.002083333333333326,0.4604166666666667,0.010416666666666675,0.3729166666666667
AQPFTUIJ0PW2N,20-1,20.0,1000.0,-0.022222222222222223,0.2722222222222222,0.002777777777777782,0.1416666666666666
AXFCUZ1WQC2WY,20-1,20.0,1000.0,-0.05833333333333334,0.5805555555555556,0.04444444444444447,0.20555555555555544
AY7M9MOLNXIIK,20-1,20.0,1000.0,-0.04375000000000001,0.46041666666666675,0.020833333333333343,0.24999999999999997
AZZA3J049G7R5,20-1,20.0,1000.0,-0.04166666666666668,0.7666666666666666,0.04999999999999997,0.55
A102RSV009OCUW,15-2,15.0,2000.0,0.004166666666666663,0.6125,0.03125000000000002,0.54375
A11BHGAKU0RIH8,15-2,15.0,2000.0,0.037500000000000006,0.2041666666666667,0.06666666666666668,0.23333333333333336
A13GBA16BNTN1A,15-2,15.0,2000.0,-0.04166666666666665,0.5458333333333332,0.12916666666666665,0.125
A13THDIE8LTQ11,15-2,15.0,2000.0,-0.012499999999999995,0.4875,0.008333333333333326,0.33333333333333337
A150QX2OXHGK8P,15-2,15.0,2000.0,-0.03124999999999999,0.44375,0.0375,0.2375
A151XA53WYXVD7,15-2,15.0,2000.0,-0.041666666666666664,0.7416666666666667,-0.008333333333333326,0.6041666666666667
A1618RA11ZOD8Y,15-2,15.0,2000.0,-0.022916666666666665,0.7729166666666666,0.004166666666666686,0.7
A19X8IA9EKC3XH,15-2,15.0,2000.0,-0.11875000000000001,1.0479166666666666,0.05625000000000002,0.63125
A1CFMY4CEYOM8Y,15-2,15.0,2000.0,-0.035416666666666666,0.20208333333333334,0.20625000000000002,-0.10208333333333341
A1E0K2VGY2684V,15-2,15.0,2000.0,0.02916666666666667,0.22916666666666663,0.03125,0.27291666666666664
A1NQOR4RQJJDMW,15-2,15.0,2000.0,-0.052083333333333315,0.7770833333333333,0.045833333333333316,0.6291666666666668
A1PZIN8H1VI6SY,15-2,15.0,2000.0,0.011111111111111112,0.4722222222222223,-0.01944444444444442,0.5972222222222221
A1QRIZY9WJW3R1,15-2,15.0,2000.0,-0.004166666666666686,0.5750000000000001,0.027083333333333317,0.47291666666666665
A1QXJZFA5NVGM3,15-2,15.0,2000.0,0.016666666666666673,0.7,-0.07083333333333333,0.8208333333333333
A1ROEDVMTO9Y3X,15-2,15.0,2000.0,-0.02499999999999999,0.9458333333333332,0.06458333333333334,0.47708333333333336
A1SCF3L6LTFQHF,15-2,15.0,2000.0,0.004166666666666696,0.7208333333333332,0.04583333333333334,0.6375000000000002
A1T7EB1WEDCMXV,15-2,15.0,2000.0,-0.008333333333333316,0.5125,0.08124999999999998,0.4895833333333335
A1TR2AOKWGQ78A,15-2,15.0,2000.0,-0.0027777777777778013,0.3861111111111112,0.005555555555555556,0.2111111111111111
A1UOP419O6P55R,15-2,15.0,2000.0,0.013888888888888852,0.6583333333333334,-0.011111111111111094,0.5555555555555556
A1WM3INNDW2776,15-2,15.0,2000.0,0.02499999999999999,0.325,0.00625,0.3520833333333333
A1Z82Y9E6YWY80,15-2,15.0,2000.0,0.03958333333333333,0.18125,0.0,0.38749999999999996
A2113B699TVADG,15-2,15.0,2000.0,0.008333333333333349,0.6333333333333334,-0.05416666666666667,0.8208333333333334
A219SZBLCCCXN9,15-2,15.0,2000.0,-0.014583333333333327,0.46458333333333324,-0.0062500000000000056,0.4520833333333334
A22GYYJXTS5KBH,15-2,15.0,2000.0,-0.11666666666666668,1.05,0.08055555555555556,0.11944444444444441
A22Y78RVB8UFTD,15-2,15.0,2000.0,-0.08333333333333334,0.8999999999999999,0.0625,0.27083333333333337
A233LLG8YAXWF,15-2,15.0,2000.0,-0.04583333333333335,0.41666666666666674,0.21250000000000002,-0.045833333333333504
A24GX1OZE6AY04,15-2,15.0,2000.0,-0.08333333333333331,1.0374999999999999,0.07499999999999998,0.6541666666666667
A26MT7KJ7NJLRN,15-2,15.0,2000.0,-0.054166666666666675,0.4958333333333334,0.08333333333333334,0.25
A26T0U2Y6LZOF3,15-2,15.0,2000.0,0.0,0.35833333333333334,0.03333333333333334,0.20833333333333326
A29J4LL0MQL3AC,15-2,15.0,2000.0,-0.01874999999999998,0.6729166666666665,-0.09791666666666665,0.7604166666666665
A2G4R0GS677RC2,15-2,15.0,2000.0,-0.008333333333333326,0.35,-0.03333333333333335,0.39166666666666666
A2IV3SSVTU90BN,15-2,15.0,2000.0,0.004166666666666674,0.5416666666666667,-0.00833333333333336,0.5791666666666668
A2KZN3UH5NGC9,15-2,15.0,2000.0,0.004166666666666686,0.6666666666666666,0.01458333333333336,0.6604166666666668
A2MBFIAGBPU5NG,15-2,15.0,2000.0,0.04583333333333334,0.3291666666666666,-0.029166666666666674,0.4083333333333334
A2O86E23R5T4YO,15-2,15.0,2000.0,-0.018750000000000013,0.6020833333333333,-0.06041666666666665,0.6854166666666666
A2PTABUVOUYAH5,15-2,15.0,2000.0,-0.10833333333333335,0.9000000000000001,0.16458333333333336,0.08541666666666664
A2R75YFKVALBXE,15-2,15.0,2000.0,-0.025,0.5333333333333334,0.12916666666666665,0.2791666666666667
A2RU1Q3C9VHBAO,15-2,15.0,2000.0,-0.008333333333333337,0.6458333333333334,-0.04583333333333332,0.6541666666666666
A2RVG8Y97DE0GM,15-2,15.0,2000.0,0.016666666666666663,0.6333333333333333,-0.020833333333333315,0.7291666666666667
A2UJ9GDNVPX99C,15-2,15.0,2000.0,-0.02083333333333334,0.5,-0.029166666666666674,0.5541666666666667
A2UYZFH5VT5R3H,15-2,15.0,2000.0,0.004166666666666668,0.3541666666666667,0.14166666666666666,0.19583333333333336
A2Y8LZS5C81O25,15-2,15.0,2000.0,-0.004166666666666674,0.46666666666666673,0.006249999999999995,0.3770833333333334
A30NL5N71G2YAU,15-2,15.0,2000.0,0.014583333333333332,0.41458333333333336,0.006249999999999978,0.48958333333333337
A310Y949ILSN3P,15-2,15.0,2000.0,-0.02083333333333334,0.7791666666666666,0.004166666666666696,0.6958333333333333
A31P78W9ZCQXCS,15-2,15.0,2000.0,-0.02916666666666667,0.3958333333333333,0.004166666666666658,0.3166666666666667
A347RDI3HZOUCY,15-2,15.0,2000.0,-0.03124999999999998,0.6937499999999999,-1.1102230246251566e-17,0.5583333333333333
A34HQHGLIW1FYS,15-2,15.0,2000.0,0.0,0.5416666666666667,-0.012499999999999978,0.575
A34IPEKX5WXJIN,15-2,15.0,2000.0,0.010416666666666664,0.4770833333333333,-0.008333333333333331,0.47083333333333344
A34YNEN8UUI3CD,15-2,15.0,2000.0,-0.05625,0.4604166666666667,0.15416666666666667,0.05833333333333324
A35VI4SE31HD17,15-2,15.0,2000.0,-0.012500000000000018,0.42083333333333334,0.03125000000000001,0.23958333333333334
A36S0DI86PL4J6,15-2,15.0,2000.0,-0.010416666666666664,0.6020833333333334,-0.027083333333333327,0.6145833333333335
A384KX8MUIJSTJ,15-2,15.0,2000.0,-0.00416666666666663,0.6083333333333332,0.010416666666666675,0.5395833333333334
A38DHLB88V8DL8,15-2,15.0,2000.0,-0.04791666666666666,0.8187499999999999,0.10416666666666666,0.44999999999999996
A3AWQ3AACIPXM2,15-2,15.0,2000.0,0.04583333333333334,0.12083333333333329,0.024999999999999994,0.13333333333333333
A3BA2WMGN6KHUU,15-2,15.0,2000.0,-0.060416666666666674,0.6145833333333333,-0.04166666666666668,0.5166666666666667
A3BN69Q9D7RQGR,15-2,15.0,2000.0,-0.018750000000000003,0.44375000000000003,-0.004166666666666663,0.35000000000000003
A3C25IBTLB60RQ,15-2,15.0,2000.0,0.02083333333333334,0.6041666666666666,0.01249999999999999,0.5375
A3FOKP72T5I4FR,15-2,15.0,2000.0,-0.02916666666666668,0.4125000000000001,0.1625,0.004166666666666541
A3HBB9JT9WVZS4,15-2,15.0,2000.0,-0.03958333333333335,0.65625,-0.014583333333333337,0.6020833333333333
A3HOPYBWSR1TWR,15-2,15.0,2000.0,0.0020833333333333316,0.4229166666666667,0.006249999999999984,0.4479166666666667
A3IBDJ12CRTQQN,15-2,15.0,2000.0,0.00625,0.5729166666666666,-0.027083333333333345,0.5854166666666667
A3IHTJXHWPQ2JR,15-2,15.0,2000.0,-0.010416666666666675,0.6979166666666666,0.029166666666666643,0.5833333333333335
A3MWLHSW9B9RHU,15-2,15.0,2000.0,0.01041666666666663,0.6312500000000001,0.02499999999999999,0.6083333333333334
A3ORKXM3WG8QJ9,15-2,15.0,2000.0,-0.02083333333333334,0.7791666666666667,-0.07916666666666664,0.9291666666666667
A3P52W1SBJUT5N,15-2,15.0,2000.0,-0.006250000000000012,0.28125000000000006,-0.016666666666666673,0.3583333333333333
A3U27ZHUGOPIAN,15-2,15.0,2000.0,-0.004166666666666668,0.5291666666666666,0.0125,0.4708333333333333
A3UA50A6GKNAMR,15-2,15.0,2000.0,0.02083333333333334,0.5208333333333334,-0.037500000000000006,0.6333333333333333
A3UE8ANAIM7F15,15-2,15.0,2000.0,0.008333333333333337,0.36666666666666664,-0.022916666666666655,0.53125
A3UGB3B1S74HR9,15-2,15.0,2000.0,-0.03541666666666667,0.5229166666666667,0.008333333333333331,0.4833333333333334
A3UUW04QL49RSC,15-2,15.0,2000.0,-0.054166666666666655,0.7083333333333334,-0.0625,0.4041666666666667
A6HDSE80LQPR8,15-2,15.0,2000.0,-0.17083333333333336,0.8958333333333335,0.12083333333333335,0.2791666666666668
AAOOH6P4HHSCS,15-2,15.0,2000.0,-0.002083333333333315,0.5729166666666666,0.01041666666666667,0.5020833333333333
ADGJXUEMPLTMS,15-2,15.0,2000.0,0.033333333333333354,0.27083333333333326,-0.006249999999999995,0.26458333333333334
AEF1G6YE8RIB8,15-2,15.0,2000.0,0.010416666666666675,0.4437500000000001,0.012499999999999978,0.43750000000000006
AERGHZBQFT309,15-2,15.0,2000.0,-0.05000000000000002,0.5,0.09791666666666668,0.4854166666666665
AESZJEZTZEW01,15-2,15.0,2000.0,0.02083333333333334,0.3125,0.03333333333333334,0.2833333333333334
AEX1I7K7OVHHC,15-2,15.0,2000.0,-0.005555555555555542,0.33333333333333326,0.00833333333333336,0.41388888888888886
AEXRVIK8SKB4V,15-2,15.0,2000.0,-0.01666666666666666,0.4083333333333333,0.02083333333333334,0.3458333333333333
AF0W4ZBY7VXOU,15-2,15.0,2000.0,-0.04791666666666664,0.8062499999999999,0.13749999999999998,0.2041666666666666
AFZGUWYLC0NG0,15-2,15.0,2000.0,1.665334536937735e-17,0.32499999999999996,0.025,0.11666666666666664
AGANKP4PUZ4NC,15-2,15.0,2000.0,-0.014583333333333332,0.34375,-0.027083333333333348,0.2729166666666667
AHY3YAYJLTW32,15-2,15.0,2000.0,0.022916666666666672,0.09374999999999999,0.17708333333333334,0.1395833333333334
AL9SYQEUTNJXT,15-2,15.0,2000.0,-0.004166666666666674,0.5208333333333334,0.004166666666666663,0.5208333333333335
ALDQRWYZ8KQ9A,15-2,15.0,2000.0,-0.04374999999999998,0.9895833333333331,0.05208333333333333,0.76875
AM65LGXJBTJ0I,15-2,15.0,2000.0,-0.22916666666666663,1.0416666666666665,0.1875,0.06666666666666665
AOIR8V07FYMH5,15-2,15.0,2000.0,-0.035416666666666666,0.6270833333333333,0.1333333333333333,0.16666666666666674
AR0VJ5XRG16UJ,15-2,15.0,2000.0,0.03333333333333335,0.6666666666666665,0.05000000000000002,0.4916666666666668
AU5UJIZ3TLI5M,15-2,15.0,2000.0,-0.039583333333333325,0.59375,0.15000000000000002,0.25416666666666654
AW2UVK63OLFW,15-2,15.0,2000.0,0.037500000000000006,0.4624999999999999,-0.014583333333333337,0.6854166666666668
AW5O1RK3W60FC,15-2,15.0,2000.0,-0.07500000000000001,0.7416666666666667,0.13541666666666666,0.27708333333333335
AWRY5SC68T0DC,15-2,15.0,2000.0,-0.0125,0.5041666666666667,0.002083333333333315,0.41041666666666676
AWTCGY2CL1T68,15-2,15.0,2000.0,-0.006249999999999978,0.5895833333333332,-0.027083333333333348,0.6854166666666668
AXSBX0MCQNG3A,15-2,15.0,2000.0,0.02083333333333336,0.4374999999999999,-0.033333333333333326,0.6791666666666667
A14WLAP6TCEKO0,30-1,30.0,1000.0,-0.10416666666666669,0.6333333333333333,0.14166666666666666,0.07500000000000001
A15V9BXNJXZXZX,30-1,30.0,1000.0,-0.04583333333333333,0.7749999999999999,0.060416666666666674,0.38541666666666663
A16335MOISDG1F,30-1,30.0,1000.0,-0.05833333333333333,0.4041666666666667,0.15416666666666667,0.22083333333333333
A17FJLW818UEQU,30-1,30.0,1000.0,0.016666666666666673,0.3111111111111111,0.04166666666666668,0.26388888888888895
A186PT9ZLO5EJD,30-1,30.0,1000.0,-0.008333333333333344,0.5416666666666667,-0.029166666666666664,0.22083333333333333
A1AS1H21O9896X,30-1,30.0,1000.0,0.018750000000000003,0.17708333333333331,-0.00625,0.28541666666666665
A1AYTKAQT201ZV,30-1,30.0,1000.0,-0.022916666666666658,0.48124999999999996,0.010416666666666664,0.2979166666666667
A1EII5EWOTBDK9,30-1,30.0,1000.0,0.014583333333333327,0.24375,0.045833333333333316,0.2666666666666667
A1F9KLZGHE9DTA,30-1,30.0,1000.0,-0.014583333333333337,0.5854166666666667,0.16666666666666666,0.15833333333333344
A1IGKJ200N82S9,30-1,30.0,1000.0,0.0,0.3875,0.03333333333333334,0.18749999999999994
A1KGUJMWDCPSYG,30-1,30.0,1000.0,-0.033333333333333326,0.47083333333333327,0.012500000000000011,0.3083333333333333
A1M1E62KXCDNL0,30-1,30.0,1000.0,-0.008333333333333335,0.2958333333333334,0.03541666666666667,0.23541666666666666
A1MG8KNVSVZ365,30-1,30.0,1000.0,-0.054166666666666675,0.4791666666666667,-0.01875000000000001,0.31875000000000003
A1MKEILXWWLBW2,30-1,30.0,1000.0,-0.12916666666666665,1.0041666666666664,0.1875,-0.2916666666666667
A1O67YS3DU0ZHX,30-1,30.0,1000.0,-0.12291666666666667,0.7437500000000001,0.11249999999999999,0.47500000000000003
A1Q0G8JA5EZ8EI,30-1,30.0,1000.0,-0.033333333333333326,0.675,0.05000000000000002,0.44166666666666676
A1SLJKNSNHOJRN,30-1,30.0,1000.0,-0.1,0.625,0.21666666666666667,-0.0708333333333333
A1T2P6E67251U5,30-1,30.0,1000.0,-0.04999999999999999,0.7708333333333333,0.03750000000000003,0.3958333333333333
A1U4WS9KJMADV,30-1,30.0,1000.0,-0.027083333333333317,0.48958333333333326,0.09375,0.12708333333333333
A1X4T3QSIE8YYX,30-1,30.0,1000.0,-0.029166666666666688,0.6791666666666666,-0.045833333333333344,0.5541666666666667
A225J5T6WHO2MG,30-1,30.0,1000.0,-0.012500000000000006,0.4541666666666667,-0.00625,0.03958333333333333
A23KDD6OPM4NJ0,30-1,30.0,1000.0,0.012500000000000006,0.2458333333333333,0.010416666666666664,0.11041666666666666
A25Y3D2Y2DR8WM,30-1,30.0,1000.0,-0.05208333333333334,0.69375,-0.018749999999999996,0.3770833333333333
A26XKTGGGYBI4J,30-1,30.0,1000.0,-0.024999999999999984,0.44999999999999996,-0.02291666666666667,0.2645833333333333
A28OD52SMLYQ16,30-1,30.0,1000.0,-0.03541666666666668,0.5687500000000001,0.014583333333333337,0.37708333333333327
A28TA25NJGLL3Y,30-1,30.0,1000.0,0.02291666666666667,0.23124999999999998,-0.0020833333333333233,0.22291666666666662
A28ZPY6D5AS7GZ,30-1,30.0,1000.0,-0.10833333333333335,0.963888888888889,0.11666666666666665,-0.061111111111111116
A2ASRB2MTHDHPD,30-1,30.0,1000.0,0.002083333333333315,0.6812500000000001,-0.02916666666666667,0.6041666666666667
A2BUHMLNE3LUU0,30-1,30.0,1000.0,-0.00833333333333334,0.325,0.020833333333333332,0.20833333333333331
A2E2SLXF4KQ3S1,30-1,30.0,1000.0,0.008333333333333326,0.6041666666666666,0.022916666666666693,0.48124999999999996
A2FJIZUHR6E4EZ,30-1,30.0,1000.0,-0.02083333333333334,0.4791666666666667,0.016666666666666663,0.16666666666666666
A2G2T6EMXAOKMS,30-1,30.0,1000.0,-0.06944444444444442,0.5583333333333332,0.12222222222222223,0.40555555555555545
A2GRA6N98ZPIQ1,30-1,30.0,1000.0,-1.1102230246251566e-17,0.6833333333333332,-0.05833333333333333,0.6416666666666666
A2IKLJWU2OJ1YX,30-1,30.0,1000.0,0.018750000000000006,0.24374999999999997,0.041666666666666664,0.22083333333333333
A2K5AXCSY703CU,30-1,30.0,1000.0,0.011111111111111117,0.2666666666666666,0.008333333333333335,0.15277777777777776
A2MV1R6YYOIO30,30-1,30.0,1000.0,-0.005555555555555553,0.35000000000000003,0.0,0.21111111111111108
A2NU82V08QSPCC,30-1,30.0,1000.0,-0.03888888888888891,0.6388888888888891,0.005555555555555558,0.28888888888888886
A2NY0VWEWDULC6,30-1,30.0,1000.0,0.02083333333333334,0.24583333333333335,0.05416666666666667,0.1541666666666667
A2OFVEA8BEJDZN,30-1,30.0,1000.0,-0.03125000000000001,0.3895833333333334,0.004166666666666674,0.24166666666666664
A2P83PY6P7ECM5,30-1,30.0,1000.0,-0.008333333333333321,0.29722222222222217,0.002777777777777768,0.23055555555555562
A2PUL3ZDXOW0VZ,30-1,30.0,1000.0,-0.027083333333333338,0.33125000000000004,0.2020833333333333,-0.08124999999999993
A2ROI30AQITC3V,30-1,30.0,1000.0,-0.002083333333333343,0.33125000000000004,0.033333333333333326,0.15416666666666673
A2VZN8J53Y5WYR,30-1,30.0,1000.0,0.004166666666666647,0.5083333333333333,-0.004166666666666663,0.47916666666666663
A2XMRJKCNKLL4E,30-1,30.0,1000.0,0.03125,0.14791666666666664,0.029166666666666664,0.07500000000000001
A2Y0VM8BAF0RMT,30-1,30.0,1000.0,-0.012500000000000011,0.6041666666666667,0.03333333333333335,0.25833333333333325
A2ZGAH6NOSU2PO,30-1,30.0,1000.0,-0.07500000000000001,0.5416666666666667,0.1333333333333333,0.3833333333333335
A30DHHAL100LZR,30-1,30.0,1000.0,0.03333333333333332,0.5416666666666667,0.03333333333333335,0.26666666666666666
A31SZFE8M7YK0S,30-1,30.0,1000.0,0.0027777777777777735,0.2527777777777778,0.030555555555555558,0.1305555555555555
A34DYM8J0X5VK,30-1,30.0,1000.0,-0.043750000000000004,0.29375,0.19375,0.04791666666666661
A36IB78C6MVA3,30-1,30.0,1000.0,-0.004166666666666674,0.41250000000000003,-0.012499999999999999,0.10416666666666669
A389Y151TAJ4XG,30-1,30.0,1000.0,0.002083333333333326,0.4645833333333334,0.01874999999999999,0.32708333333333334
A3AY0315YWWNXY,30-1,30.0,1000.0,-0.04166666666666668,0.8666666666666667,0.1625,0.1499999999999999
A3EUH97BRHRSI6,30-1,30.0,1000.0,-0.004166666666666663,0.2125,0.06875000000000002,0.13541666666666663
A3I97794CB5SUO,30-1,30.0,1000.0,-0.07500000000000001,0.4666666666666667,0.15833333333333333,0.1958333333333333
A3RVHUY67SVXQV,30-1,30.0,1000.0,-0.07500000000000001,0.9916666666666667,0.050000000000000024,0.49999999999999994
A3TX84QHD321M7,30-1,30.0,1000.0,-0.03750000000000001,0.4125000000000001,-0.010416666666666675,0.38125
A3UCN8EJI08X2P,30-1,30.0,1000.0,0.006250000000000012,0.38125,0.029166666666666674,0.07083333333333333
A3UQ5DF8VVD975,30-1,30.0,1000.0,-0.125,0.7666666666666666,0.12291666666666666,0.38125000000000003
A3V71NT2X4HD1I,30-1,30.0,1000.0,-0.008333333333333344,0.5166666666666667,0.025,0.23750000000000004
A51TGVVYJF7T0,30-1,30.0,1000.0,-0.008333333333333326,0.3791666666666666,-0.01666666666666667,0.1375
A7USTT4KU1ZBO,30-1,30.0,1000.0,-0.010416666666666671,0.23958333333333331,-0.002083333333333334,0.14791666666666667
AB5WBMZGLX57B,30-1,30.0,1000.0,-0.018750000000000003,0.44375000000000003,0.01666666666666668,0.3083333333333333
ACBROX4H8BSW3,30-1,30.0,1000.0,-0.08333333333333337,0.6666666666666667,0.15416666666666667,0.17916666666666659
ADJ9I7ZBFYFH7,30-1,30.0,1000.0,-0.19166666666666668,1.0,0.14583333333333331,0.32916666666666666
AGILQEFEPEK7N,30-1,30.0,1000.0,-0.0625,0.6875000000000001,0.1416666666666667,-0.08333333333333337
AH7HACNNRSIPO,30-1,30.0,1000.0,0.01666666666666667,0.2041666666666667,0.008333333333333331,0.1375
AIDU49N2KO05N,30-1,30.0,1000.0,-0.02499999999999998,0.5833333333333333,0.05208333333333334,0.30208333333333337
AJUVX0E4OPTAO,30-1,30.0,1000.0,-0.0375,0.40833333333333327,0.018749999999999996,0.3145833333333334
AK3GAHRZ6M6WM,30-1,30.0,1000.0,-0.004166666666666663,0.3541666666666667,0.012500000000000006,0.22916666666666663
AKE4AYF86KJVU,30-1,30.0,1000.0,-0.11458333333333336,0.7312500000000002,0.1479166666666667,0.21875
AKNBC1TE88NDO,30-1,30.0,1000.0,-0.05208333333333334,0.35208333333333336,0.10416666666666666,0.0625
AKX4H8RT7BL7H,30-1,30.0,1000.0,-0.10555555555555558,0.6722222222222223,0.18055555555555558,0.06944444444444431
AOYDGVOZUIHII,30-1,30.0,1000.0,-0.01458333333333335,0.5020833333333334,0.03749999999999999,0.3208333333333333
AP4B1GJIT3HYF,30-1,30.0,1000.0,0.006250000000000003,0.22708333333333328,-0.020833333333333343,0.2958333333333334
AXFH1DT8PR0K2,30-1,30.0,1000.0,0.02083333333333334,0.28750000000000003,0.016666666666666663,0.2666666666666667
AXFP50XOZD2NI,30-1,30.0,1000.0,-0.03541666666666667,0.3854166666666667,0.033333333333333354,0.21249999999999994
A12LX24NC3FP2U,20-2,20.0,2000.0,-0.016666666666666673,0.4083333333333333,-0.016666666666666673,0.31666666666666665
A161VPQSXLLV8U,20-2,20.0,2000.0,-0.006249999999999978,0.73125,-0.002083333333333343,0.51875
A166P9BSWIFF32,20-2,20.0,2000.0,0.004166666666666652,0.5125000000000001,0.03333333333333335,0.3166666666666666
A17IPELR5NC2LZ,20-2,20.0,2000.0,-0.008333333333333344,0.48055555555555557,-5.551115123125783e-18,0.3333333333333333
A17TMQWTCJVOV5,20-2,20.0,2000.0,-0.0375,0.5458333333333334,0.0625,0.2458333333333333
A1CB9NR3SN4VMY,20-2,20.0,2000.0,-0.04583333333333334,0.6916666666666667,0.014583333333333344,0.5104166666666665
A1FM638CHGPC1M,20-2,20.0,2000.0,0.002083333333333343,0.48124999999999996,-0.05,0.65
A1HENLDLQEO5BZ,20-2,20.0,2000.0,-0.020833333333333294,0.7999999999999999,0.014583333333333337,0.7645833333333334
A1J39RAV7TKEMF,20-2,20.0,2000.0,0.008333333333333344,0.23333333333333328,0.018750000000000003,0.052083333333333315
A1JL3HCA0MK9UI,20-2,20.0,2000.0,-0.03333333333333335,0.4,0.0020833333333333203,0.2229166666666667
A1L5A88C9PPK5L,20-2,20.0,2000.0,-0.041666666666666664,0.75,-0.05,0.6833333333333335
A1LA6CIGBNDOH9,20-2,20.0,2000.0,-0.13125,0.83125,0.15,0.1791666666666667
A1MD74JPL7E9PK,20-2,20.0,2000.0,-0.04722222222222225,0.663888888888889,0.005555555555555542,0.45
A1O0K8V58YRL4A,20-2,20.0,2000.0,-0.022222222222222216,0.34444444444444444,-0.019444444444444438,0.29722222222222217
A1PTX4IB9R34LI,20-2,20.0,2000.0,-0.022916666666666675,0.35208333333333336,0.1270833333333333,-0.04791666666666655
A1S2EXYEG5I8HW,20-2,20.0,2000.0,-0.047222222222222235,0.7027777777777778,0.15833333333333335,0.16388888888888875
A1SJLXB0XFCJ97,20-2,20.0,2000.0,-0.02916666666666667,0.5041666666666667,0.04791666666666666,0.2979166666666666
A1TPGXT718D68E,20-2,20.0,2000.0,-0.008333333333333337,0.3875,0.1625,0.1499999999999999
A1TVWMWE03AWAW,20-2,20.0,2000.0,-0.004166666666666668,0.32083333333333336,0.01041666666666668,0.3062499999999999
A1VEOI1H4AE1T3,20-2,20.0,2000.0,-0.008333333333333349,0.7833333333333334,0.008333333333333337,0.7624999999999998
A1WT2CM71Z9MP3,20-2,20.0,2000.0,-0.004166666666666686,0.5750000000000002,-0.027083333333333338,0.5854166666666667
A20YXCVKHSTSPC,20-2,20.0,2000.0,-0.06249999999999999,1.0291666666666666,-0.025,0.9166666666666665
A2147HO7VBGJCU,20-2,20.0,2000.0,1.1102230246251566e-17,0.5166666666666667,0.037500000000000006,0.24583333333333326
A248QG4DPULP46,20-2,20.0,2000.0,-0.012499999999999995,0.3583333333333334,0.14375000000000002,0.03541666666666665
A25S9Y5DZ9OR16,20-2,20.0,2000.0,0.02291666666666667,0.26875000000000004,-0.037500000000000006,0.35416666666666663
A25VK411P03A5T,20-2,20.0,2000.0,-0.010416666666666685,0.7354166666666666,0.004166666666666663,0.7541666666666667
A289D98Z4GAZ28,20-2,20.0,2000.0,-0.11458333333333333,0.8104166666666666,-0.00625,0.3020833333333333
A2BTEQA95MCIHU,20-2,20.0,2000.0,2.7755575615628915e-18,0.25416666666666665,-0.00208333333333334,0.21458333333333335
A2E8PL8ZWIZVJ0,20-2,20.0,2000.0,0.016666666666666673,0.43333333333333324,-0.01249999999999999,0.5083333333333333
A2I6HVUDBTGD1,20-2,20.0,2000.0,0.03541666666666668,0.33958333333333324,-0.029166666666666664,0.5833333333333334
A2KHR0GTA0DBWI,20-2,20.0,2000.0,-0.004166666666666686,0.4916666666666667,-0.022916666666666655,0.48958333333333337
A2KT30RCVX67ZS,20-2,20.0,2000.0,-0.004166666666666674,0.4625,0.012500000000000034,0.46666666666666656
A2MMGDAA7JJKIE,20-2,20.0,2000.0,-0.018750000000000003,0.5770833333333333,-0.04791666666666666,0.4020833333333333
A2MOKIEQZ0OF2M,20-2,20.0,2000.0,-0.02499999999999999,0.9138888888888889,-0.04166666666666666,0.6138888888888889
A2NZ783AY1LBPW,20-2,20.0,2000.0,-0.033333333333333326,0.6708333333333333,0.020833333333333332,0.4666666666666667
A2NZAL7KHOR6VF,20-2,20.0,2000.0,-0.04999999999999998,0.7666666666666666,0.1395833333333333,0.3812500000000001
A2OOS7IXSKJFFI,20-2,20.0,2000.0,0.02916666666666667,0.2458333333333333,0.020833333333333336,0.17083333333333334
A2P2YEHX1FXD20,20-2,20.0,2000.0,0.030555555555555572,0.2527777777777777,0.011111111111111106,0.2833333333333333
A2QHI85LQPJZYP,20-2,20.0,2000.0,-0.041666666666666664,0.6472222222222223,-0.013888888888888874,0.5916666666666667
A2SSY7MHPDQVUS,20-2,20.0,2000.0,-0.05833333333333333,0.7666666666666666,-0.025,0.3916666666666667
A2UX2W49R55PH4,20-2,20.0,2000.0,-0.03958333333333333,0.3604166666666666,0.027083333333333334,0.13958333333333328
A2VIKCIM9TZL22,20-2,20.0,2000.0,-0.030555555555555558,0.29166666666666663,0.14444444444444443,0.29444444444444445
A2XGHLVP2C1FVA,20-2,20.0,2000.0,-0.002083333333333326,0.55625,0.02083333333333333,0.5333333333333333
A2XVLOZY7FJCC2,20-2,20.0,2000.0,-0.002083333333333337,0.4020833333333334,-0.00625,0.42291666666666666
A2ZVBFH732LYXQ,20-2,20.0,2000.0,-0.0125,0.7083333333333334,-0.03125,0.6479166666666666
A304UJAE051J89,20-2,20.0,2000.0,-0.09999999999999998,0.9083333333333332,0.10833333333333334,0.3958333333333334
A312HQ3OU0EYTB,20-2,20.0,2000.0,-0.08055555555555559,0.6805555555555557,0.14722222222222223,0.17500000000000004
A35S8HPY0V445,20-2,20.0,2000.0,-0.010416666666666664,0.35208333333333336,0.008333333333333337,0.3458333333333334
A37GOI3N77WX21,20-2,20.0,2000.0,-0.03541666666666665,0.7520833333333333,-0.00625,0.5104166666666666
A389UA2GRCJ6,20-2,20.0,2000.0,0.037500000000000006,0.2208333333333333,-0.0062500000000000056,0.28125
A3A7XOKH39SYOI,20-2,20.0,2000.0,0.008333333333333331,0.37083333333333335,0.012499999999999997,0.23750000000000004
A3B0CMCBWAND7,20-2,20.0,2000.0,-0.16875,1.2645833333333334,0.10208333333333336,0.4104166666666667
A3C4WGE4SOGM1,20-2,20.0,2000.0,0.010416666666666675,0.3979166666666667,-0.0125,0.14166666666666666
A3CKVVGWBS4NGU,20-2,20.0,2000.0,-0.014583333333333316,0.5729166666666666,-0.025,0.6208333333333333
A3GDVKIN7ZGUG9,20-2,20.0,2000.0,-0.01249999999999999,0.5625,0.03333333333333333,0.32499999999999996
A3HE29W5IDR394,20-2,20.0,2000.0,-0.006249999999999989,0.5770833333333333,0.13125,0.3062499999999999
A3HYH6OVZQ5MIY,20-2,20.0,2000.0,0.0,0.55,0.004166666666666666,0.1958333333333333
A3I1SGVY37KR4A,20-2,20.0,2000.0,-0.013888888888888885,0.38611111111111107,-0.005555555555555547,0.2888888888888889
A3J5HRXH4F64SP,20-2,20.0,2000.0,0.012499999999999997,0.24583333333333335,-0.008333333333333331,0.2583333333333333
A3LVLZS8S41ZD7,20-2,20.0,2000.0,-0.03333333333333335,0.75,0.08541666666666667,0.5020833333333333
A3LXARU55PR281,20-2,20.0,2000.0,-5.551115123125783e-18,0.4625,-0.008333333333333354,0.42083333333333345
A3TR3KIRG5PCZ8,20-2,20.0,2000.0,-0.03958333333333334,0.58125,-0.0125,0.22916666666666669
A3U2A632YWEX7B,20-2,20.0,2000.0,-0.008333333333333316,0.6041666666666667,0.004166666666666668,0.475
A3U69MNO1JC7V4,20-2,20.0,2000.0,-0.029166666666666653,0.7541666666666667,0.03749999999999999,0.65
A3UMHUWJKRGKNR,20-2,20.0,2000.0,0.008333333333333337,0.525,0.010416666666666652,0.46458333333333346
A3VW5PI9ZX9DOD,20-2,20.0,2000.0,0.008333333333333326,0.21944444444444444,-0.0111111111111111,0.37222222222222223
A4HWADFPGP45G,20-2,20.0,2000.0,-0.022916666666666665,0.50625,0.04583333333333334,0.2958333333333333
AFRKVRPZ2RHY8,20-2,20.0,2000.0,-0.05833333333333334,0.7083333333333334,0.12916666666666665,0.37916666666666676
AHZCC2V399WUN,20-2,20.0,2000.0,0.008333333333333337,0.3708333333333333,-0.00625,0.15625
AJABAPM32ETMN,20-2,20.0,2000.0,0.027777777777777776,0.3777777777777778,0.03888888888888889,0.24444444444444438
AK1EF4NACR1UJ,20-2,20.0,2000.0,-0.025000000000000012,0.6250000000000001,0.016666666666666642,0.42500000000000004
AKIT35WR8HEQ3,20-2,20.0,2000.0,-0.014583333333333332,0.49375,0.010416666666666671,0.14791666666666664
AP9WIQ4P78XLH,20-2,20.0,2000.0,-0.10208333333333336,0.6354166666666667,0.1729166666666667,0.1020833333333333
AR9AU5FY1S3RO,20-2,20.0,2000.0,-0.06875,0.6854166666666667,0.15416666666666667,0.27083333333333326
AXCDKBG1R43GE,20-2,20.0,2000.0,-0.035416666666666666,0.59375,0.01666666666666667,0.46249999999999997
A102WSFN62OS6I,40-1,40.0,1000.0,-0.002777777777777757,0.436111111111111,0.025,0.17499999999999993
A13WTEQ06V3B6D,40-1,40.0,1000.0,-0.08958333333333332,0.9145833333333333,0.1333333333333333,0.29166666666666674
A178HXQENEAI65,40-1,40.0,1000.0,-0.022916666666666686,0.5145833333333335,-0.002083333333333337,0.41041666666666665
A1BLHM2IDH7DH4,40-1,40.0,1000.0,-0.018750000000000017,0.5104166666666667,-0.0020833333333333316,0.10208333333333332
A1DJB12ZI46GPX,40-1,40.0,1000.0,-0.010416666666666664,0.29375000000000007,-0.03958333333333333,0.3020833333333333
A1DZMZTXWOM9MR,40-1,40.0,1000.0,-0.06666666666666668,0.3541666666666667,0.18333333333333335,0.10416666666666663
A1EU59VMI8GL4K,40-1,40.0,1000.0,0.004166666666666666,0.22083333333333333,0.1166666666666667,0.0749999999999999
A1F0VEHWK3IAF4,40-1,40.0,1000.0,-0.014583333333333332,0.19374999999999998,0.0,0.09583333333333333
A1HGWCCIWP7AO0,40-1,40.0,1000.0,-0.04722222222222222,0.5027777777777778,-0.008333333333333344,0.29166666666666663
A1IL5P5H5VRW0D,40-1,40.0,1000.0,-0.00833333333333333,0.2791666666666666,0.0125,0.07083333333333332
A1J5OW12TRQSOW,40-1,40.0,1000.0,-0.07499999999999998,0.6166666666666666,0.008333333333333337,0.3083333333333333
A1KCSGTT6Y26LH,40-1,40.0,1000.0,-0.02916666666666667,0.3458333333333333,0.03333333333333333,0.11249999999999999
A1RQ8PX7A0CH3C,40-1,40.0,1000.0,-0.014583333333333332,0.42291666666666666,0.014583333333333335,0.22291666666666665
A1RY1N37JYUHBU,40-1,40.0,1000.0,-0.030555555555555572,0.49722222222222234,0.022222222222222227,0.06111111111111109
A1S54RQW9FDK0X,40-1,40.0,1000.0,0.004166666666666658,0.41250000000000003,0.031249999999999997,0.11041666666666662
A1TG34GJ1WTN0C,40-1,40.0,1000.0,-0.033333333333333326,0.2875,-0.022916666666666665,0.18125
A1UH6A625GF5MD,40-1,40.0,1000.0,-0.06666666666666668,0.6125,-0.008333333333333323,0.2875
A1VHK9OFD7H8ZH,40-1,40.0,1000.0,-0.08541666666666665,0.8520833333333334,0.15000000000000002,0.15833333333333333
A1ZLLYRW6GIVC7,40-1,40.0,1000.0,-0.04791666666666666,0.21875,0.16041666666666665,0.11875000000000002
A20GJP9C5KC2ZU,40-1,40.0,1000.0,0.012500000000000006,0.21249999999999997,0.04166666666666667,0.09166666666666665
A23W5HVE02LM0E,40-1,40.0,1000.0,-0.03749999999999999,0.5249999999999999,-0.033333333333333326,0.3
A2541C8MY0BYV3,40-1,40.0,1000.0,0.006250000000000005,0.11041666666666666,0.175,0.12083333333333346
A271830PNYAI2G,40-1,40.0,1000.0,-0.06944444444444446,0.5472222222222223,0.09166666666666666,0.1527777777777778
A29JQ7VMQ1HKYP,40-1,40.0,1000.0,0.002083333333333337,0.30208333333333326,-0.022916666666666665,0.32708333333333334
A2GUPBBFPPSXYR,40-1,40.0,1000.0,-0.04791666666666666,0.6104166666666666,0.00208333333333334,0.13541666666666663
A2HRUFTA09371Y,40-1,40.0,1000.0,-0.0388888888888889,0.5111111111111112,0.1916666666666667,0.08611111111111092
A2IK3H6MQ1QV6E,40-1,40.0,1000.0,-0.027083333333333334,0.4145833333333333,0.06875,0.18541666666666665
A2L7RTYO4UMYDH,40-1,40.0,1000.0,-0.05,0.5333333333333334,0.0,0.16666666666666666
A2LI1OIR4BVJRW,40-1,40.0,1000.0,-0.018750000000000006,0.4854166666666667,-0.004166666666666668,0.2416666666666667
A2NEFRREWF33YP,40-1,40.0,1000.0,-0.0020833333333333316,0.34374999999999994,0.2083333333333334,-0.008333333333333526
A2P8V5SKYLL5I4,40-1,40.0,1000.0,-0.09166666666666667,0.7666666666666667,0.1166666666666667,0.2916666666666665
A2PSU15S8ZI3V5,40-1,40.0,1000.0,-0.05000000000000002,0.75,-0.01041666666666667,0.13541666666666666
A2QUSCZS3RXGXE,40-1,40.0,1000.0,-0.033333333333333326,0.5416666666666665,0.024999999999999998,0.1375
A2TUYGXQ15U6GO,40-1,40.0,1000.0,0.005555555555555558,0.37222222222222223,-0.005555555555555553,0.19444444444444442
A2UEVNT8VQD1SA,40-1,40.0,1000.0,-0.025,0.4375,0.01250000000000001,0.2375
A2VR9O234UCT9T,40-1,40.0,1000.0,-0.03958333333333333,0.30208333333333326,0.15625,0.23124999999999996
A2WCPERU8X385N,40-1,40.0,1000.0,-0.027083333333333327,0.41041666666666665,0.010416666666666664,0.16041666666666665
A33GZS6SU4O20M,40-1,40.0,1000.0,-0.029166666666666664,0.37083333333333335,0.004166666666666672,0.33333333333333337
A38I0E8UK53ME5,40-1,40.0,1000.0,-0.02777777777777778,0.33333333333333337,0.17222222222222222,0.08333333333333326
A3BZH91MITQA5X,40-1,40.0,1000.0,0.022222222222222223,0.35555555555555557,0.022222222222222227,0.1555555555555555
A3NX66U9RAY2GQ,40-1,40.0,1000.0,0.039583333333333345,0.20625,-0.006249999999999998,0.24374999999999994
A3O40YLW6MYU8C,40-1,40.0,1000.0,-0.027083333333333338,0.5770833333333333,0.014583333333333332,0.027083333333333334
A3S2AUQWI7XWT4,40-1,40.0,1000.0,0.002083333333333326,0.43125,-0.03333333333333334,0.3291666666666667
A3SA9LY6RXKFOI,40-1,40.0,1000.0,-0.02083333333333334,0.39166666666666666,0.012499999999999999,0.041666666666666664
A3SLT6KVF0NXPH,40-1,40.0,1000.0,-0.08333333333333336,0.6583333333333334,-0.027083333333333338,0.26041666666666663
A3TNSJSXI464IT,40-1,40.0,1000.0,-0.002083333333333334,0.29791666666666666,-5.551115123125783e-18,0.2791666666666666
A3TUJBPLJGTI5,40-1,40.0,1000.0,-0.0062499999999999995,0.04791666666666666,0.13541666666666669,0.31458333333333327
A3VL1CBZ3BGQK7,40-1,40.0,1000.0,-0.020833333333333332,0.2958333333333333,0.19166666666666665,0.10833333333333339
A47VA451RDBV3,40-1,40.0,1000.0,-0.014583333333333323,0.41041666666666665,-0.016666666666666673,0.31666666666666676
A92KVBM20ZTU4,40-1,40.0,1000.0,-0.011111111111111117,0.3666666666666667,0.07222222222222222,0.3055555555555557
AAF1SJ9FCBF75,40-1,40.0,1000.0,-0.10208333333333336,0.7229166666666668,0.18541666666666667,0.05625000000000002
AAVFHZA708CSP,40-1,40.0,1000.0,-0.06041666666666667,0.6979166666666666,0.01666666666666667,0.27499999999999997
ADL9KYXZGHUFO,40-1,40.0,1000.0,0.02500000000000001,0.18333333333333335,0.03333333333333334,0.07499999999999997
AFLRBB974KS6D,40-1,40.0,1000.0,0.03541666666666667,0.35625,-0.01666666666666668,0.37500000000000006
AGB6853RIDWJ8,40-1,40.0,1000.0,5.551115123125783e-18,0.3041666666666667,0.016666666666666673,0.13333333333333333
AGLFNO1XKM8O8,40-1,40.0,1000.0,-0.054166666666666655,0.6041666666666665,0.08750000000000001,0.15833333333333327
AH2C0LKV36ATT,40-1,40.0,1000.0,-0.03333333333333333,0.5416666666666666,-0.031250000000000014,0.3604166666666667
AKJN72HW14WTR,40-1,40.0,1000.0,-0.00833333333333333,0.14583333333333331,0.16666666666666666,0.01666666666666672
AMIQGW2E3WYO4,40-1,40.0,1000.0,-0.03333333333333335,0.2666666666666667,0.13125,0.031249999999999944
ANCTZADQC3D75,40-1,40.0,1000.0,0.002083333333333337,0.50625,0.041666666666666664,0.22499999999999998
AOQKJGXZ8QQD0,40-1,40.0,1000.0,-0.014583333333333337,0.2270833333333333,-0.027083333333333338,0.3104166666666667
AP3BTOBN8Y9EJ,40-1,40.0,1000.0,0.01041666666666667,0.16458333333333333,0.05208333333333334,0.18125
AQSYWZJVVMCGJ,40-1,40.0,1000.0,-0.031250000000000014,0.5895833333333335,0.004166666666666666,0.06666666666666665
AR1IWBDA7MC86,40-1,40.0,1000.0,-0.07083333333333332,0.7916666666666665,0.15416666666666667,0.19583333333333341
AR3MFFPQ39IXF,40-1,40.0,1000.0,0.005555555555555553,0.19444444444444442,0.061111111111111095,0.4611111111111112
ARL0T0MU9A65G,40-1,40.0,1000.0,-0.018750000000000013,0.5229166666666667,0.016666666666666666,0.012499999999999983
ASVRLMDNQBUD9,40-1,40.0,1000.0,-0.05833333333333333,0.2666666666666666,0.09791666666666667,0.48541666666666655
ATRRW34VN38IX,40-1,40.0,1000.0,-0.04583333333333334,0.5041666666666667,0.08333333333333336,0.07499999999999996
AVSVIOR38JDM6,40-1,40.0,1000.0,-0.03541666666666667,0.78125,-0.004166666666666641,0.5125
AW0MG225VXWCN,40-1,40.0,1000.0,-0.03750000000000001,0.3458333333333334,0.17916666666666667,0.15416666666666667
AW4PTI9P13WUB,40-1,40.0,1000.0,0.020833333333333343,0.275,0.01041666666666667,0.10625000000000001
AXFCUZW85XUK1,40-1,40.0,1000.0,0.008333333333333337,0.4416666666666666,0.008333333333333323,0.21250000000000002
AYF9WH3AQIT86,40-1,40.0,1000.0,-0.020833333333333343,0.37083333333333335,-0.006250000000000003,0.10208333333333336
